Country Name,Country Code,Series Name,Year,Value
Australia,AUS,Combined Health Indicator,1991,0.19192212480099466
Australia,AUS,Combined Health Indicator,1992,0.18594344112123928
Australia,AUS,Combined Health Indicator,1993,0.18974679313686788
Australia,AUS,Combined Health Indicator,1994,0.1901479621731253
Australia,AUS,Combined Health Indicator,1995,0.19326051472325392
Australia,AUS,Combined Health Indicator,1996,0.19102415747669635
Australia,AUS,Combined Health Indicator,1997,0.19123792325632588
Australia,AUS,Combined Health Indicator,1998,0.19222602872086872
Australia,AUS,Combined Health Indicator,1999,0.19380513304398095
Australia,AUS,Combined Health Indicator,2000,0.20096967945699107
Australia,AUS,Combined Health Indicator,2001,0.20369834532827955
Australia,AUS,Combined Health Indicator,2002,0.2109429685560716
Australia,AUS,Combined Health Indicator,2003,0.21632302806722298
Australia,AUS,Combined Health Indicator,2004,0.22726039027055067
Australia,AUS,Combined Health Indicator,2005,0.2262067985733827
Australia,AUS,Combined Health Indicator,2006,0.23234803117422093
Australia,AUS,Combined Health Indicator,2008,0.2434009810818707
Australia,AUS,Combined Health Indicator,2009,0.2445579103247454
Australia,AUS,Combined Health Indicator,2010,0.2521807848042572
Australia,AUS,Combined Health Indicator,2011,0.2614714972374545
Australia,AUS,Combined Health Indicator,2012,0.26202018526327264
Australia,AUS,Combined Health Indicator,2013,0.271394305311095
Australia,AUS,Combined Health Indicator,2014,0.29251392607135845
Australia,AUS,Combined Health Indicator,2015,0.3026304735905687
Australia,AUS,Combined Health Indicator,2016,0.3141374079252879
Austria,AUT,Combined Health Indicator,1991,0.3431821507236844
Austria,AUT,Combined Health Indicator,1992,0.34093134463006897
Austria,AUT,Combined Health Indicator,1993,0.34224006676491203
Austria,AUT,Combined Health Indicator,1994,0.34621424270262213
Austria,AUT,Combined Health Indicator,1995,0.3470881135822238
Austria,AUT,Combined Health Indicator,1996,0.34686879390940467
Austria,AUT,Combined Health Indicator,1997,0.34790823396823517
Austria,AUT,Combined Health Indicator,1998,0.3500431703372884
Austria,AUT,Combined Health Indicator,1999,0.3522676066330951
Austria,AUT,Combined Health Indicator,2000,0.35737740435831356
Austria,AUT,Combined Health Indicator,2001,0.3563597819717642
Austria,AUT,Combined Health Indicator,2002,0.3650854240532192
Austria,AUT,Combined Health Indicator,2003,0.3664662349497304
Austria,AUT,Combined Health Indicator,2004,0.3753120686568714
Austria,AUT,Combined Health Indicator,2005,0.3766838142568454
Austria,AUT,Combined Health Indicator,2006,0.3822985651882004
Austria,AUT,Combined Health Indicator,2007,0.39195106767985766
Austria,AUT,Combined Health Indicator,2008,0.39884020350291693
Austria,AUT,Combined Health Indicator,2009,0.4018695614466146
Austria,AUT,Combined Health Indicator,2010,0.40788716034989825
Austria,AUT,Combined Health Indicator,2011,0.4124588683437419
Austria,AUT,Combined Health Indicator,2012,0.42222869234337
Austria,AUT,Combined Health Indicator,2013,0.42865989678376726
Austria,AUT,Combined Health Indicator,2014,0.43046448395937653
Austria,AUT,Combined Health Indicator,2015,0.43267897472384503
Austria,AUT,Combined Health Indicator,2016,0.43917557925472483
Austria,AUT,Combined Health Indicator,2017,0.4424978942248423
Austria,AUT,Combined Health Indicator,2018,0.4476280334340294
Austria,AUT,Combined Health Indicator,2019,0.44942103767763
Austria,AUT,Combined Health Indicator,2020,0.45468289504046366
Austria,AUT,Combined Health Indicator,2021,0.4843759305684934
Belgium,BEL,Combined Health Indicator,1991,0.28504801722609646
Belgium,BEL,Combined Health Indicator,1992,0.28708067575722357
Belgium,BEL,Combined Health Indicator,1993,0.287173026729979
Belgium,BEL,Combined Health Indicator,1994,0.28114183214293925
Belgium,BEL,Combined Health Indicator,1995,0.2805301259851808
Belgium,BEL,Combined Health Indicator,1996,0.2819260140869512
Belgium,BEL,Combined Health Indicator,1997,0.28221428032488566
Belgium,BEL,Combined Health Indicator,1998,0.28234131568983295
Belgium,BEL,Combined Health Indicator,1999,0.28608732920223773
Belgium,BEL,Combined Health Indicator,2000,0.2956708431882333
Belgium,BEL,Combined Health Indicator,2001,0.296765649403016
Belgium,BEL,Combined Health Indicator,2002,0.3040839301866467
Belgium,BEL,Combined Health Indicator,2003,0.3144952622723083
Belgium,BEL,Combined Health Indicator,2004,0.3204594109628631
Belgium,BEL,Combined Health Indicator,2005,0.3198821266543155
Belgium,BEL,Combined Health Indicator,2006,0.320691460142593
Belgium,BEL,Combined Health Indicator,2007,0.3227050983099883
Belgium,BEL,Combined Health Indicator,2008,0.3319082214264649
Belgium,BEL,Combined Health Indicator,2009,0.33550198095922756
Belgium,BEL,Combined Health Indicator,2010,0.3426997138378085
Belgium,BEL,Combined Health Indicator,2011,0.3464229715030125
Belgium,BEL,Combined Health Indicator,2012,0.35225541537289745
Belgium,BEL,Combined Health Indicator,2013,0.35858694381136624
Belgium,BEL,Combined Health Indicator,2014,0.36226833686244553
Belgium,BEL,Combined Health Indicator,2015,0.370877177188701
Belgium,BEL,Combined Health Indicator,2016,0.37667830633464267
Belgium,BEL,Combined Health Indicator,2017,0.37877593360667305
Belgium,BEL,Combined Health Indicator,2018,0.3860686596984831
Belgium,BEL,Combined Health Indicator,2019,0.3874338038999389
Belgium,BEL,Combined Health Indicator,2020,0.3896563524545461
Belgium,BEL,Combined Health Indicator,2021,0.40964844654977467
Belgium,BEL,Combined Health Indicator,2022,0.43298256607429275
Canada,CAN,Combined Health Indicator,1991,0.24342800146784815
Canada,CAN,Combined Health Indicator,1992,0.23898681357634577
Canada,CAN,Combined Health Indicator,1993,0.237066386414269
Canada,CAN,Combined Health Indicator,1995,0.21581718630706637
Canada,CAN,Combined Health Indicator,1996,0.212131529614415
Canada,CAN,Combined Health Indicator,1997,0.21530003247710117
Canada,CAN,Combined Health Indicator,1998,0.21417996190995692
Canada,CAN,Combined Health Indicator,1999,0.20218909600710755
Canada,CAN,Combined Health Indicator,2000,0.20438359623378055
Canada,CAN,Combined Health Indicator,2001,0.20895097238509802
Canada,CAN,Combined Health Indicator,2002,0.21285265908018025
Canada,CAN,Combined Health Indicator,2003,0.214705282049378
Canada,CAN,Combined Health Indicator,2004,0.221367013743526
Canada,CAN,Combined Health Indicator,2005,0.21715703366535788
Canada,CAN,Combined Health Indicator,2006,0.22259701864668346
Canada,CAN,Combined Health Indicator,2007,0.22987363449140696
Canada,CAN,Combined Health Indicator,2008,0.23204561208131144
Canada,CAN,Combined Health Indicator,2009,0.23352314999470036
Canada,CAN,Combined Health Indicator,2010,0.24202711444415204
Canada,CAN,Combined Health Indicator,2011,0.2456723453786564
Canada,CAN,Combined Health Indicator,2012,0.25018961165294495
Canada,CAN,Combined Health Indicator,2013,0.25174918652593536
Canada,CAN,Combined Health Indicator,2014,0.2546272846634128
Canada,CAN,Combined Health Indicator,2015,0.25698220793189197
Canada,CAN,Combined Health Indicator,2016,0.2733721737569763
Canada,CAN,Combined Health Indicator,2017,0.2763662429496389
Canada,CAN,Combined Health Indicator,2018,0.28391651158130665
Canada,CAN,Combined Health Indicator,2019,0.2781574009870406
Canada,CAN,Combined Health Indicator,2020,0.30641498309326165
Canada,CAN,Combined Health Indicator,2021,0.32395641041017376
Czechia,CZE,Combined Health Indicator,1995,0.29268491575291516
Czechia,CZE,Combined Health Indicator,1996,0.28684752614580405
Czechia,CZE,Combined Health Indicator,1997,0.2800076424282602
Czechia,CZE,Combined Health Indicator,1998,0.2771778921621391
Czechia,CZE,Combined Health Indicator,1999,0.27350342438425196
Czechia,CZE,Combined Health Indicator,2000,0.27856951549181275
Czechia,CZE,Combined Health Indicator,2001,0.2831517478404092
Czechia,CZE,Combined Health Indicator,2002,0.2872830708880598
Czechia,CZE,Combined Health Indicator,2003,0.291529741965885
Czechia,CZE,Combined Health Indicator,2004,0.29179969926829036
Czechia,CZE,Combined Health Indicator,2005,0.29161696659790987
Czechia,CZE,Combined Health Indicator,2006,0.28917420060003984
Czechia,CZE,Combined Health Indicator,2007,0.2893694471025415
Czechia,CZE,Combined Health Indicator,2008,0.29214580315443606
Czechia,CZE,Combined Health Indicator,2009,0.2992096378570952
Czechia,CZE,Combined Health Indicator,2010,0.31248421228850093
Czechia,CZE,Combined Health Indicator,2011,0.3056461587775839
Czechia,CZE,Combined Health Indicator,2012,0.303352965650477
Czechia,CZE,Combined Health Indicator,2013,0.3002587913673563
Czechia,CZE,Combined Health Indicator,2014,0.3069571073973476
Czechia,CZE,Combined Health Indicator,2015,0.30812038082895027
Czechia,CZE,Combined Health Indicator,2016,0.31611545311645883
Czechia,CZE,Combined Health Indicator,2017,0.32190108170734805
Czechia,CZE,Combined Health Indicator,2018,0.32817345097182293
Czechia,CZE,Combined Health Indicator,2019,0.3331493520571901
Czechia,CZE,Combined Health Indicator,2020,0.35226270347528155
Czechia,CZE,Combined Health Indicator,2021,0.3769545233058168
Denmark,DNK,Combined Health Indicator,1997,0.20995810896586686
Denmark,DNK,Combined Health Indicator,1998,0.20758366271098133
Denmark,DNK,Combined Health Indicator,1999,0.21373005211562351
Denmark,DNK,Combined Health Indicator,2000,0.21723463600185244
Denmark,DNK,Combined Health Indicator,2001,0.22017662030361917
Denmark,DNK,Combined Health Indicator,2002,0.23243449411827738
Denmark,DNK,Combined Health Indicator,2003,0.22761523065091477
Denmark,DNK,Combined Health Indicator,2004,0.23052529853649023
Denmark,DNK,Combined Health Indicator,2005,0.23080365390882596
Denmark,DNK,Combined Health Indicator,2006,0.23987786571606196
Denmark,DNK,Combined Health Indicator,2007,0.24794374031074123
Denmark,DNK,Combined Health Indicator,2008,0.2528871434899072
Denmark,DNK,Combined Health Indicator,2009,0.2601437032624764
Denmark,DNK,Combined Health Indicator,2010,0.2708354743397706
Denmark,DNK,Combined Health Indicator,2011,0.2586190493836842
Denmark,DNK,Combined Health Indicator,2013,0.26705864524840994
Denmark,DNK,Combined Health Indicator,2016,0.26715770695009267
Denmark,DNK,Combined Health Indicator,2017,0.27657979459054943
Denmark,DNK,Combined Health Indicator,2018,0.2846269933039546
Denmark,DNK,Combined Health Indicator,2019,0.28616952549367547
Denmark,DNK,Combined Health Indicator,2020,0.3001841408297152
Denmark,DNK,Combined Health Indicator,2021,0.32556807017406003
Finland,FIN,Combined Health Indicator,1993,0.3017803168742309
Finland,FIN,Combined Health Indicator,1994,0.299455743488822
Finland,FIN,Combined Health Indicator,1995,0.3024561675365938
Finland,FIN,Combined Health Indicator,1996,0.30544589842301473
Finland,FIN,Combined Health Indicator,1997,0.3005385136837083
Finland,FIN,Combined Health Indicator,1998,0.29825852602023323
Finland,FIN,Combined Health Indicator,1999,0.29652153342088317
Finland,FIN,Combined Health Indicator,2000,0.3053049586881178
Finland,FIN,Combined Health Indicator,2001,0.3070362419206568
Finland,FIN,Combined Health Indicator,2002,0.3124902737320099
Finland,FIN,Combined Health Indicator,2003,0.31200176838615623
Finland,FIN,Combined Health Indicator,2004,0.31574352779284554
Finland,FIN,Combined Health Indicator,2005,0.3180259309500775
Finland,FIN,Combined Health Indicator,2006,0.323482399993496
Finland,FIN,Combined Health Indicator,2007,0.3253564870222064
Finland,FIN,Combined Health Indicator,2008,0.32998228271729096
Finland,FIN,Combined Health Indicator,2009,0.32095822458313406
Finland,FIN,Combined Health Indicator,2010,0.31411182366759827
Finland,FIN,Combined Health Indicator,2011,0.3102932667695669
Finland,FIN,Combined Health Indicator,2012,0.310155351495482
Finland,FIN,Combined Health Indicator,2013,0.3020340028643993
Finland,FIN,Combined Health Indicator,2014,0.2920494089703173
Finland,FIN,Combined Health Indicator,2015,0.2853026547241611
Finland,FIN,Combined Health Indicator,2016,0.2796574662315227
Finland,FIN,Combined Health Indicator,2017,0.2770192631862443
Finland,FIN,Combined Health Indicator,2018,0.27716866038114796
Finland,FIN,Combined Health Indicator,2019,0.2707743748176492
Finland,FIN,Combined Health Indicator,2020,0.2605113192068509
Finland,FIN,Combined Health Indicator,2021,0.2872977369209597
France,FRA,Combined Health Indicator,1997,0.35168314404423096
France,FRA,Combined Health Indicator,1998,0.3502639746037519
France,FRA,Combined Health Indicator,1999,0.35017404712453937
France,FRA,Combined Health Indicator,2000,0.35320558201837104
France,FRA,Combined Health Indicator,2001,0.3563716663151592
France,FRA,Combined Health Indicator,2002,0.36389443457368814
France,FRA,Combined Health Indicator,2003,0.3546229097747503
France,FRA,Combined Health Indicator,2004,0.354091719781139
France,FRA,Combined Health Indicator,2005,0.3523551036633907
France,FRA,Combined Health Indicator,2006,0.3562031016021213
France,FRA,Combined Health Indicator,2007,0.36050352430406146
France,FRA,Combined Health Indicator,2008,0.36107068586934093
France,FRA,Combined Health Indicator,2009,0.3594210211742551
France,FRA,Combined Health Indicator,2010,0.3586311698623621
France,FRA,Combined Health Indicator,2011,0.3611591748120088
France,FRA,Combined Health Indicator,2012,0.36621822630221085
France,FRA,Combined Health Indicator,2013,0.3742879114505745
France,FRA,Combined Health Indicator,2014,0.374933804711041
France,FRA,Combined Health Indicator,2015,0.3746678721010389
France,FRA,Combined Health Indicator,2016,0.38247265234803707
France,FRA,Combined Health Indicator,2017,0.3832593881293306
France,FRA,Combined Health Indicator,2018,0.3844637998778078
France,FRA,Combined Health Indicator,2019,0.3845658727073258
France,FRA,Combined Health Indicator,2020,0.3936229358924574
France,FRA,Combined Health Indicator,2021,0.41840510347985715
Germany,DEU,Combined Health Indicator,1992,0.3886541574333557
Germany,DEU,Combined Health Indicator,1993,0.3822466530732484
Germany,DEU,Combined Health Indicator,1994,0.39006344380471425
Germany,DEU,Combined Health Indicator,1995,0.39573580378205997
Germany,DEU,Combined Health Indicator,1996,0.3975399058706373
Germany,DEU,Combined Health Indicator,1997,0.3919165743242313
Germany,DEU,Combined Health Indicator,1998,0.39183764028723134
Germany,DEU,Combined Health Indicator,1999,0.3940060016654783
Germany,DEU,Combined Health Indicator,2000,0.3999021213580537
Germany,DEU,Combined Health Indicator,2001,0.40098741872426824
Germany,DEU,Combined Health Indicator,2002,0.4059244723815155
Germany,DEU,Combined Health Indicator,2003,0.40534438769227743
Germany,DEU,Combined Health Indicator,2004,0.4026311564361369
Germany,DEU,Combined Health Indicator,2005,0.40058753912853656
Germany,DEU,Combined Health Indicator,2006,0.40065682330684826
Germany,DEU,Combined Health Indicator,2007,0.40630244274351995
Germany,DEU,Combined Health Indicator,2008,0.4137973585522122
Germany,DEU,Combined Health Indicator,2009,0.4232270832996097
Germany,DEU,Combined Health Indicator,2010,0.43455662431287306
Germany,DEU,Combined Health Indicator,2011,0.4448225465636996
Germany,DEU,Combined Health Indicator,2012,0.45092816080009224
Germany,DEU,Combined Health Indicator,2013,0.4575157109829644
Germany,DEU,Combined Health Indicator,2014,0.4642304802064293
Germany,DEU,Combined Health Indicator,2015,0.4669718584545317
Germany,DEU,Combined Health Indicator,2016,0.4802156859134817
Germany,DEU,Combined Health Indicator,2017,0.49080451039017237
Germany,DEU,Combined Health Indicator,2018,0.5031683224560103
Germany,DEU,Combined Health Indicator,2019,0.5061786318339522
Germany,DEU,Combined Health Indicator,2020,0.5251137565639783
Germany,DEU,Combined Health Indicator,2021,0.5468964714081946
Greece,GRC,Combined Health Indicator,1991,0.17537282271338395
Greece,GRC,Combined Health Indicator,1992,0.17818504100653768
Greece,GRC,Combined Health Indicator,1993,0.1842344785892018
Greece,GRC,Combined Health Indicator,1994,0.18835829446810445
Greece,GRC,Combined Health Indicator,1995,0.19080017602850752
Greece,GRC,Combined Health Indicator,1996,0.1932319619171416
Greece,GRC,Combined Health Indicator,1997,0.1941950861800877
Greece,GRC,Combined Health Indicator,1998,0.19517207780008178
Greece,GRC,Combined Health Indicator,1999,0.19376656537505166
Greece,GRC,Combined Health Indicator,2000,0.19460287528103076
Greece,GRC,Combined Health Indicator,2001,0.20766059660423156
Greece,GRC,Combined Health Indicator,2002,0.21606721367839016
Greece,GRC,Combined Health Indicator,2003,0.21978700793896283
Greece,GRC,Combined Health Indicator,2004,0.22162211000712037
Greece,GRC,Combined Health Indicator,2005,0.22713071767888737
Greece,GRC,Combined Health Indicator,2006,0.23465617124896124
Greece,GRC,Combined Health Indicator,2007,0.240070795880493
Greece,GRC,Combined Health Indicator,2008,0.24871540317555424
Greece,GRC,Combined Health Indicator,2009,0.25460562376750345
Greece,GRC,Combined Health Indicator,2010,0.23435805394105041
Greece,GRC,Combined Health Indicator,2011,0.2208598459354877
Greece,GRC,Combined Health Indicator,2012,0.2142147911093889
Greece,GRC,Combined Health Indicator,2013,0.20486992883216626
Greece,GRC,Combined Health Indicator,2014,0.2016817437123321
Greece,GRC,Combined Health Indicator,2015,0.20665780027132083
Greece,GRC,Combined Health Indicator,2016,0.21062403235751323
Greece,GRC,Combined Health Indicator,2017,0.21064691547631148
Greece,GRC,Combined Health Indicator,2018,0.21296810165782926
Greece,GRC,Combined Health Indicator,2019,0.21375494604455292
Greece,GRC,Combined Health Indicator,2020,0.22107971315755637
Greece,GRC,Combined Health Indicator,2021,0.23280179346278518
Hungary,HUN,Combined Health Indicator,2000,0.28553392534416416
Hungary,HUN,Combined Health Indicator,2001,0.281294636424539
Hungary,HUN,Combined Health Indicator,2002,0.28807464646774483
Hungary,HUN,Combined Health Indicator,2003,0.2959522604398286
Hungary,HUN,Combined Health Indicator,2004,0.29631158239760386
Hungary,HUN,Combined Health Indicator,2005,0.3003810933644055
Hungary,HUN,Combined Health Indicator,2006,0.30468775585230945
Hungary,HUN,Combined Health Indicator,2007,0.2751652202855747
Hungary,HUN,Combined Health Indicator,2008,0.2751158980374888
Hungary,HUN,Combined Health Indicator,2009,0.2761085350197754
Hungary,HUN,Combined Health Indicator,2010,0.28464346858018796
Hungary,HUN,Combined Health Indicator,2011,0.28868411538808847
Hungary,HUN,Combined Health Indicator,2012,0.28285410567812774
Hungary,HUN,Combined Health Indicator,2013,0.28646402652883424
Hungary,HUN,Combined Health Indicator,2014,0.28623028354438584
Hungary,HUN,Combined Health Indicator,2015,0.2877031535381227
Hungary,HUN,Combined Health Indicator,2016,0.2925379080246811
Hungary,HUN,Combined Health Indicator,2017,0.29315556968711376
Hungary,HUN,Combined Health Indicator,2018,0.2953364666357905
Hungary,HUN,Combined Health Indicator,2019,0.2935264650410412
Hungary,HUN,Combined Health Indicator,2020,0.3021290682479282
Hungary,HUN,Combined Health Indicator,2021,0.31669858319372585
Iceland,ISL,Combined Health Indicator,2007,0.26203520533950503
Iceland,ISL,Combined Health Indicator,2008,0.25727476876613065
Iceland,ISL,Combined Health Indicator,2009,0.24486275436115557
Iceland,ISL,Combined Health Indicator,2010,0.23189302550223057
Iceland,ISL,Combined Health Indicator,2011,0.2242975141828576
Iceland,ISL,Combined Health Indicator,2012,0.22656861715329984
Iceland,ISL,Combined Health Indicator,2013,0.22969072808678345
Iceland,ISL,Combined Health Indicator,2014,0.2319230011647485
Iceland,ISL,Combined Health Indicator,2015,0.2361540577489003
Iceland,ISL,Combined Health Indicator,2016,0.24473975507997187
Iceland,ISL,Combined Health Indicator,2017,0.24986481901928578
Iceland,ISL,Combined Health Indicator,2018,0.24874479532033295
Iceland,ISL,Combined Health Indicator,2019,0.24985961340567392
Iceland,ISL,Combined Health Indicator,2020,0.26422577032137873
Ireland,IRL,Combined Health Indicator,2009,0.2316153148071013
Ireland,IRL,Combined Health Indicator,2010,0.23644166702106345
Ireland,IRL,Combined Health Indicator,2011,0.23849684818895917
Ireland,IRL,Combined Health Indicator,2012,0.242540094166262
Ireland,IRL,Combined Health Indicator,2013,0.24065643501567396
Ireland,IRL,Combined Health Indicator,2014,0.23674956711188383
Ireland,IRL,Combined Health Indicator,2015,0.2534526497133276
Ireland,IRL,Combined Health Indicator,2016,0.2645837726949878
Ireland,IRL,Combined Health Indicator,2017,0.270622541115659
Ireland,IRL,Combined Health Indicator,2018,0.2786881398343806
Ireland,IRL,Combined Health Indicator,2019,0.2798310409133952
Ireland,IRL,Combined Health Indicator,2020,0.29686126077470554
Ireland,IRL,Combined Health Indicator,2021,0.3169041830444272
Italy,ITA,Combined Health Indicator,2000,0.2180417152087311
Italy,ITA,Combined Health Indicator,2001,0.2197663581743465
Italy,ITA,Combined Health Indicator,2002,0.21999683969043066
Italy,ITA,Combined Health Indicator,2003,0.2112534590915294
Italy,ITA,Combined Health Indicator,2004,0.21267499562150338
Italy,ITA,Combined Health Indicator,2005,0.2155404484525962
Italy,ITA,Combined Health Indicator,2006,0.2204650591452719
Italy,ITA,Combined Health Indicator,2007,0.21919402638617355
Italy,ITA,Combined Health Indicator,2008,0.22505954811619922
Italy,ITA,Combined Health Indicator,2009,0.22195973460883792
Italy,ITA,Combined Health Indicator,2010,0.22724038332763719
Italy,ITA,Combined Health Indicator,2011,0.22301161229904937
Italy,ITA,Combined Health Indicator,2012,0.21859580382905408
Italy,ITA,Combined Health Indicator,2013,0.21376464801851047
Italy,ITA,Combined Health Indicator,2014,0.2102034221882133
Italy,ITA,Combined Health Indicator,2015,0.21203528452631512
Italy,ITA,Combined Health Indicator,2016,0.21873040236125146
Italy,ITA,Combined Health Indicator,2017,0.2233003712182558
Italy,ITA,Combined Health Indicator,2018,0.22695197300744152
Italy,ITA,Combined Health Indicator,2019,0.2304986413852507
Italy,ITA,Combined Health Indicator,2020,0.23929013931167126
Italy,ITA,Combined Health Indicator,2021,0.24899692917978705
Japan,JPN,Combined Health Indicator,1993,0.5487324760522514
Japan,JPN,Combined Health Indicator,1994,0.5490808983041969
Japan,JPN,Combined Health Indicator,1995,0.5448265001801683
Japan,JPN,Combined Health Indicator,1996,0.5401533595119142
Japan,JPN,Combined Health Indicator,1997,0.539723216175255
Japan,JPN,Combined Health Indicator,1998,0.538138724098956
Japan,JPN,Combined Health Indicator,1999,0.536203614879389
Japan,JPN,Combined Health Indicator,2000,0.5406961060910138
Japan,JPN,Combined Health Indicator,2001,0.5411170095858012
Japan,JPN,Combined Health Indicator,2002,0.5411200401047828
Japan,JPN,Combined Health Indicator,2003,0.5408652682075209
Japan,JPN,Combined Health Indicator,2004,0.5434172361859844
Japan,JPN,Combined Health Indicator,2005,0.546403717806493
Japan,JPN,Combined Health Indicator,2006,0.5465032650007534
Japan,JPN,Combined Health Indicator,2007,0.5485396281467301
Japan,JPN,Combined Health Indicator,2008,0.5477841491492612
Japan,JPN,Combined Health Indicator,2009,0.551957443880396
Japan,JPN,Combined Health Indicator,2010,0.556533633451651
Japan,JPN,Combined Health Indicator,2011,0.5766336541449029
Japan,JPN,Combined Health Indicator,2012,0.5845325447037337
Japan,JPN,Combined Health Indicator,2013,0.5968955340693434
Japan,JPN,Combined Health Indicator,2014,0.5947527258468465
Japan,JPN,Combined Health Indicator,2015,0.6012041189641862
Japan,JPN,Combined Health Indicator,2016,0.5900935222726649
Japan,JPN,Combined Health Indicator,2017,0.5929674280416656
Japan,JPN,Combined Health Indicator,2018,0.5965251271940221
Japan,JPN,Combined Health Indicator,2019,0.5942399087870524
Japan,JPN,Combined Health Indicator,2020,0.5876532197672679
Japan,JPN,Combined Health Indicator,2021,0.5989342532328876
Republic of Korea,KOR,Combined Health Indicator,1991,0.07551657477316798
Republic of Korea,KOR,Combined Health Indicator,1992,0.08213675700310019
Republic of Korea,KOR,Combined Health Indicator,1993,0.09039755309508252
Republic of Korea,KOR,Combined Health Indicator,1994,0.10122954940692971
Republic of Korea,KOR,Combined Health Indicator,1995,0.1092972599469723
Republic of Korea,KOR,Combined Health Indicator,1996,0.11838722725800156
Republic of Korea,KOR,Combined Health Indicator,1997,0.12471362709469039
Republic of Korea,KOR,Combined Health Indicator,1998,0.1305413939146125
Republic of Korea,KOR,Combined Health Indicator,1999,0.14581691587490817
Republic of Korea,KOR,Combined Health Indicator,2000,0.1615087740159833
Republic of Korea,KOR,Combined Health Indicator,2001,0.15981631760378037
Republic of Korea,KOR,Combined Health Indicator,2002,0.17315580477758724
Republic of Korea,KOR,Combined Health Indicator,2003,0.1854141263469425
Republic of Korea,KOR,Combined Health Indicator,2004,0.19893048288676785
Republic of Korea,KOR,Combined Health Indicator,2005,0.21949217392383769
Republic of Korea,KOR,Combined Health Indicator,2006,0.24428102145765812
Republic of Korea,KOR,Combined Health Indicator,2007,0.27516848821765444
Republic of Korea,KOR,Combined Health Indicator,2008,0.2964412558003589
Republic of Korea,KOR,Combined Health Indicator,2009,0.31732717438619573
Republic of Korea,KOR,Combined Health Indicator,2010,0.34378120963344194
Republic of Korea,KOR,Combined Health Indicator,2011,0.37361089653045937
Republic of Korea,KOR,Combined Health Indicator,2012,0.40166265485306507
Republic of Korea,KOR,Combined Health Indicator,2013,0.42624226658892916
Republic of Korea,KOR,Combined Health Indicator,2014,0.4530574997382441
Republic of Korea,KOR,Combined Health Indicator,2015,0.46445129273101726
Republic of Korea,KOR,Combined Health Indicator,2016,0.48449004324004596
Republic of Korea,KOR,Combined Health Indicator,2017,0.500299347494094
Republic of Korea,KOR,Combined Health Indicator,2018,0.5168869330554573
Republic of Korea,KOR,Combined Health Indicator,2019,0.5258478213811724
Republic of Korea,KOR,Combined Health Indicator,2020,0.5455616031751366
Republic of Korea,KOR,Combined Health Indicator,2021,0.5744081275921292
Luxembourg,LUX,Combined Health Indicator,2004,0.38766817492315564
Luxembourg,LUX,Combined Health Indicator,2005,0.3721903584376678
Luxembourg,LUX,Combined Health Indicator,2006,0.37888247355010074
Luxembourg,LUX,Combined Health Indicator,2007,0.3767401344150637
Luxembourg,LUX,Combined Health Indicator,2008,0.387742658165251
Luxembourg,LUX,Combined Health Indicator,2009,0.3960233517836249
Luxembourg,LUX,Combined Health Indicator,2010,0.38918169159690696
Luxembourg,LUX,Combined Health Indicator,2011,0.35320065057242067
Luxembourg,LUX,Combined Health Indicator,2012,0.3320350718991291
Luxembourg,LUX,Combined Health Indicator,2013,0.34150903408888283
Luxembourg,LUX,Combined Health Indicator,2014,0.3404610134150013
Luxembourg,LUX,Combined Health Indicator,2015,0.336871250372618
Luxembourg,LUX,Combined Health Indicator,2016,0.33988220144173803
Luxembourg,LUX,Combined Health Indicator,2017,0.3392683152617044
Luxembourg,LUX,Combined Health Indicator,2018,0.3468908170567345
Luxembourg,LUX,Combined Health Indicator,2019,0.3422569482969182
Luxembourg,LUX,Combined Health Indicator,2020,0.35127446482817903
Luxembourg,LUX,Combined Health Indicator,2021,0.3754145375063447
Mexico,MEX,Combined Health Indicator,1999,0.03304026851254745
Mexico,MEX,Combined Health Indicator,2000,0.034074246153521594
Mexico,MEX,Combined Health Indicator,2001,0.03716626974691595
Mexico,MEX,Combined Health Indicator,2002,0.03885657546939251
Mexico,MEX,Combined Health Indicator,2003,0.04153725241528382
Mexico,MEX,Combined Health Indicator,2004,0.04515021332082844
Mexico,MEX,Combined Health Indicator,2005,0.04463983656524098
Mexico,MEX,Combined Health Indicator,2006,0.045746295449057034
Mexico,MEX,Combined Health Indicator,2007,0.04908283292506152
Mexico,MEX,Combined Health Indicator,2008,0.049306174623688706
Mexico,MEX,Combined Health Indicator,2009,0.049480624293284384
Mexico,MEX,Combined Health Indicator,2010,0.0497151644425324
Mexico,MEX,Combined Health Indicator,2011,0.04981082488236827
Mexico,MEX,Combined Health Indicator,2012,0.052031164082151554
Mexico,MEX,Combined Health Indicator,2013,0.05324066330295393
Mexico,MEX,Combined Health Indicator,2014,0.05236926165456184
Mexico,MEX,Combined Health Indicator,2015,0.054740873993542195
Mexico,MEX,Combined Health Indicator,2016,0.05641132865227263
Mexico,MEX,Combined Health Indicator,2017,0.05594908829591777
Mexico,MEX,Combined Health Indicator,2018,0.05655400671291717
Mexico,MEX,Combined Health Indicator,2019,0.05568688583619399
Mexico,MEX,Combined Health Indicator,2020,0.061553237135709184
Mexico,MEX,Combined Health Indicator,2021,0.06337234289540099
Netherlands,NLD,Combined Health Indicator,1991,0.23376099679722603
Netherlands,NLD,Combined Health Indicator,1992,0.23539765796494705
Netherlands,NLD,Combined Health Indicator,1993,0.23464149840789467
Netherlands,NLD,Combined Health Indicator,1994,0.22970922886996964
Netherlands,NLD,Combined Health Indicator,1995,0.22850449397179745
Netherlands,NLD,Combined Health Indicator,1996,0.22990228468381477
Netherlands,NLD,Combined Health Indicator,1997,0.23145499561530597
Netherlands,NLD,Combined Health Indicator,1998,0.24231642230147116
Netherlands,NLD,Combined Health Indicator,1999,0.24645469769381312
Netherlands,NLD,Combined Health Indicator,2000,0.25061481896046023
Netherlands,NLD,Combined Health Indicator,2001,0.2547758821991471
Netherlands,NLD,Combined Health Indicator,2002,0.26998128047023906
Netherlands,NLD,Combined Health Indicator,2003,0.2638572471568167
Netherlands,NLD,Combined Health Indicator,2004,0.27190946893871293
Netherlands,NLD,Combined Health Indicator,2005,0.27360693734747976
Netherlands,NLD,Combined Health Indicator,2006,0.28251500115207223
Netherlands,NLD,Combined Health Indicator,2007,0.28913836783853686
Netherlands,NLD,Combined Health Indicator,2008,0.30033700386252526
Netherlands,NLD,Combined Health Indicator,2009,0.3013077290306021
Netherlands,NLD,Combined Health Indicator,2010,0.3000295549179762
Netherlands,NLD,Combined Health Indicator,2011,0.29892239640286344
Netherlands,NLD,Combined Health Indicator,2012,0.3015633254835958
Netherlands,NLD,Combined Health Indicator,2013,0.3044656491928711
Netherlands,NLD,Combined Health Indicator,2014,0.30027555258313904
Netherlands,NLD,Combined Health Indicator,2015,0.2979800952332309
Netherlands,NLD,Combined Health Indicator,2016,0.30234112550099934
Netherlands,NLD,Combined Health Indicator,2017,0.3045992935505768
Netherlands,NLD,Combined Health Indicator,2018,0.31078080823284665
Netherlands,NLD,Combined Health Indicator,2019,0.312186727602552
Netherlands,NLD,Combined Health Indicator,2020,0.33136575118996353
Netherlands,NLD,Combined Health Indicator,2021,0.35537039576644225
New Zealand,NZL,Combined Health Indicator,2009,0.18002201957174185
New Zealand,NZL,Combined Health Indicator,2010,0.19522411298396522
New Zealand,NZL,Combined Health Indicator,2011,0.20126253579165398
New Zealand,NZL,Combined Health Indicator,2012,0.20606780042770528
New Zealand,NZL,Combined Health Indicator,2013,0.2105693356031044
New Zealand,NZL,Combined Health Indicator,2014,0.21383756666910114
New Zealand,NZL,Combined Health Indicator,2015,0.21292447187977787
New Zealand,NZL,Combined Health Indicator,2016,0.22288609917951427
New Zealand,NZL,Combined Health Indicator,2017,0.22678217064971407
New Zealand,NZL,Combined Health Indicator,2018,0.22608092303020144
New Zealand,NZL,Combined Health Indicator,2019,0.23840354037511668
New Zealand,NZL,Combined Health Indicator,2020,0.24587798476164738
New Zealand,NZL,Combined Health Indicator,2021,0.27060239356817134
New Zealand,NZL,Combined Health Indicator,2022,0.314630144016365
Norway,NOR,Combined Health Indicator,2002,0.28374033401902454
Norway,NOR,Combined Health Indicator,2003,0.2861790615859686
Norway,NOR,Combined Health Indicator,2004,0.3034088319958287
Norway,NOR,Combined Health Indicator,2005,0.30397140604486217
Norway,NOR,Combined Health Indicator,2006,0.30903588641770585
Norway,NOR,Combined Health Indicator,2007,0.3177563297548102
Norway,NOR,Combined Health Indicator,2008,0.3226351726738187
Norway,NOR,Combined Health Indicator,2009,0.3216209614905187
Norway,NOR,Combined Health Indicator,2010,0.31855478179787944
Norway,NOR,Combined Health Indicator,2011,0.32272521594715575
Norway,NOR,Combined Health Indicator,2012,0.32559613232662954
Norway,NOR,Combined Health Indicator,2013,0.3334321548939509
Norway,NOR,Combined Health Indicator,2014,0.3419704687889934
Norway,NOR,Combined Health Indicator,2015,0.34013314783015536
Norway,NOR,Combined Health Indicator,2016,0.34485191905907664
Norway,NOR,Combined Health Indicator,2017,0.3559177368171619
Norway,NOR,Combined Health Indicator,2018,0.36442952317972466
Norway,NOR,Combined Health Indicator,2019,0.3616673785617898
Norway,NOR,Combined Health Indicator,2020,0.36372263213330547
Norway,NOR,Combined Health Indicator,2021,0.3828698105776211
Poland,POL,Combined Health Indicator,2003,0.2313549436234344
Poland,POL,Combined Health Indicator,2004,0.2333477540893044
Poland,POL,Combined Health Indicator,2005,0.22826287162577807
Poland,POL,Combined Health Indicator,2006,0.22946598778944716
Poland,POL,Combined Health Indicator,2007,0.23393878074435193
Poland,POL,Combined Health Indicator,2008,0.24769345824901506
Poland,POL,Combined Health Indicator,2009,0.2524117017253791
Poland,POL,Combined Health Indicator,2010,0.25569700634326475
Poland,POL,Combined Health Indicator,2011,0.25939943097375273
Poland,POL,Combined Health Indicator,2012,0.26280463647231944
Poland,POL,Combined Health Indicator,2013,0.2659716856099807
Poland,POL,Combined Health Indicator,2014,0.26730939804479764
Poland,POL,Combined Health Indicator,2015,0.27278483258397057
Poland,POL,Combined Health Indicator,2016,0.27893940325322875
Poland,POL,Combined Health Indicator,2017,0.2825823188940745
Poland,POL,Combined Health Indicator,2018,0.2817595733976863
Poland,POL,Combined Health Indicator,2019,0.27473635265091867
Poland,POL,Combined Health Indicator,2020,0.27763117072751653
Poland,POL,Combined Health Indicator,2021,0.29009422477910835
Portugal,PRT,Combined Health Indicator,1991,0.1410335184459248
Portugal,PRT,Combined Health Indicator,1992,0.143385853211383
Portugal,PRT,Combined Health Indicator,1993,0.14277904285051815
Portugal,PRT,Combined Health Indicator,1994,0.14372417712496424
Portugal,PRT,Combined Health Indicator,1995,0.1495010753659174
Portugal,PRT,Combined Health Indicator,1996,0.15465081796491692
Portugal,PRT,Combined Health Indicator,1997,0.15542408840619298
Portugal,PRT,Combined Health Indicator,1998,0.15517834447313347
Portugal,PRT,Combined Health Indicator,1999,0.15642168518366145
Portugal,PRT,Combined Health Indicator,2000,0.16885212205724054
Portugal,PRT,Combined Health Indicator,2001,0.16964383670542912
Portugal,PRT,Combined Health Indicator,2002,0.1723678479900422
Portugal,PRT,Combined Health Indicator,2003,0.17614001255332504
Portugal,PRT,Combined Health Indicator,2004,0.18325574467411443
Portugal,PRT,Combined Health Indicator,2005,0.18634965334211295
Portugal,PRT,Combined Health Indicator,2006,0.18607433915514013
Portugal,PRT,Combined Health Indicator,2007,0.18722769372135806
Portugal,PRT,Combined Health Indicator,2008,0.19170289570630428
Portugal,PRT,Combined Health Indicator,2009,0.1937542731897769
Portugal,PRT,Combined Health Indicator,2010,0.19652881123749663
Portugal,PRT,Combined Health Indicator,2011,0.1914338373048673
Portugal,PRT,Combined Health Indicator,2012,0.19123582929008057
Portugal,PRT,Combined Health Indicator,2013,0.19403413069139958
Portugal,PRT,Combined Health Indicator,2014,0.19310629897660872
Portugal,PRT,Combined Health Indicator,2015,0.19882997488207474
Portugal,PRT,Combined Health Indicator,2016,0.2069521389385786
Portugal,PRT,Combined Health Indicator,2017,0.2107408786337418
Portugal,PRT,Combined Health Indicator,2018,0.22185430237190695
Portugal,PRT,Combined Health Indicator,2019,0.2278900254045493
Portugal,PRT,Combined Health Indicator,2020,0.23300988146920187
Portugal,PRT,Combined Health Indicator,2021,0.25273281809342
Slovakia,SVK,Combined Health Indicator,1997,0.27448287651069064
Slovakia,SVK,Combined Health Indicator,1998,0.2714378088008662
Slovakia,SVK,Combined Health Indicator,1999,0.2682528458754452
Slovakia,SVK,Combined Health Indicator,2000,0.2666178861066829
Slovakia,SVK,Combined Health Indicator,2001,0.2631714039477168
Slovakia,SVK,Combined Health Indicator,2002,0.26442109418016346
Slovakia,SVK,Combined Health Indicator,2003,0.25416240814977203
Slovakia,SVK,Combined Health Indicator,2004,0.2522183285005755
Slovakia,SVK,Combined Health Indicator,2005,0.25201878482128703
Slovakia,SVK,Combined Health Indicator,2006,0.25631418445473614
Slovakia,SVK,Combined Health Indicator,2007,0.26800992890291675
Slovakia,SVK,Combined Health Indicator,2008,0.26598585437841493
Slovakia,SVK,Combined Health Indicator,2009,0.26940166463514054
Slovakia,SVK,Combined Health Indicator,2010,0.2751497147167646
Slovakia,SVK,Combined Health Indicator,2011,0.2600666377477553
Slovakia,SVK,Combined Health Indicator,2012,0.260527796658021
Slovakia,SVK,Combined Health Indicator,2013,0.2592261190681815
Slovakia,SVK,Combined Health Indicator,2014,0.25293128470151083
Slovakia,SVK,Combined Health Indicator,2015,0.25364378677014643
Slovakia,SVK,Combined Health Indicator,2016,0.25382570207348937
Slovakia,SVK,Combined Health Indicator,2017,0.252443531188336
Slovakia,SVK,Combined Health Indicator,2018,0.24990598231883582
Slovakia,SVK,Combined Health Indicator,2019,0.25631394469447566
Slovakia,SVK,Combined Health Indicator,2020,0.25409092971900404
Slovakia,SVK,Combined Health Indicator,2021,0.2702047266577432
Spain,ESP,Combined Health Indicator,1991,0.15481510796445547
Spain,ESP,Combined Health Indicator,1992,0.15523031583095437
Spain,ESP,Combined Health Indicator,1993,0.1542693029837834
Spain,ESP,Combined Health Indicator,1994,0.1532773800962949
Spain,ESP,Combined Health Indicator,1995,0.15336026642207815
Spain,ESP,Combined Health Indicator,1996,0.15424734009871627
Spain,ESP,Combined Health Indicator,1997,0.15409397000724548
Spain,ESP,Combined Health Indicator,1998,0.15535540131191755
Spain,ESP,Combined Health Indicator,1999,0.15752511201242536
Spain,ESP,Combined Health Indicator,2000,0.16192983176775466
Spain,ESP,Combined Health Indicator,2001,0.16424509444374233
Spain,ESP,Combined Health Indicator,2002,0.16956482759821379
Spain,ESP,Combined Health Indicator,2003,0.17537327223747184
Spain,ESP,Combined Health Indicator,2004,0.17853613167325158
Spain,ESP,Combined Health Indicator,2005,0.18026396216754062
Spain,ESP,Combined Health Indicator,2006,0.18615941196691393
Spain,ESP,Combined Health Indicator,2007,0.18859374749016367
Spain,ESP,Combined Health Indicator,2008,0.19471543843842815
Spain,ESP,Combined Health Indicator,2009,0.19636314258314846
Spain,ESP,Combined Health Indicator,2010,0.19446076981340568
Spain,ESP,Combined Health Indicator,2011,0.19232734050128428
Spain,ESP,Combined Health Indicator,2012,0.19010103892756552
Spain,ESP,Combined Health Indicator,2013,0.19060258206097752
Spain,ESP,Combined Health Indicator,2014,0.1948190465269019
Spain,ESP,Combined Health Indicator,2015,0.20187272535662404
Spain,ESP,Combined Health Indicator,2016,0.20690510870977213
Spain,ESP,Combined Health Indicator,2017,0.21393548907068882
Spain,ESP,Combined Health Indicator,2018,0.21847950121884208
Spain,ESP,Combined Health Indicator,2019,0.22201521502284402
Spain,ESP,Combined Health Indicator,2020,0.23013750635094538
Spain,ESP,Combined Health Indicator,2021,0.24553930764084353
Sweden,SWE,Combined Health Indicator,1991,0.43146342507036634
Sweden,SWE,Combined Health Indicator,1992,0.2624119539091845
Sweden,SWE,Combined Health Indicator,1993,0.2422754860069764
Sweden,SWE,Combined Health Indicator,1994,0.21268078927495349
Sweden,SWE,Combined Health Indicator,1995,0.20291871437927042
Sweden,SWE,Combined Health Indicator,1996,0.19070817785742877
Sweden,SWE,Combined Health Indicator,1997,0.17924361948427386
Sweden,SWE,Combined Health Indicator,1998,0.17705498328694175
Sweden,SWE,Combined Health Indicator,1999,0.1816638449041868
Sweden,SWE,Combined Health Indicator,2000,0.1875259607641539
Sweden,SWE,Combined Health Indicator,2001,0.18571760949750588
Sweden,SWE,Combined Health Indicator,2002,0.190966466405116
Sweden,SWE,Combined Health Indicator,2003,0.18991693980482738
Sweden,SWE,Combined Health Indicator,2004,0.19262598782280194
Sweden,SWE,Combined Health Indicator,2005,0.1915446869469668
Sweden,SWE,Combined Health Indicator,2006,0.19850388698304045
Sweden,SWE,Combined Health Indicator,2007,0.20647064039984786
Sweden,SWE,Combined Health Indicator,2008,0.21267469525452892
Sweden,SWE,Combined Health Indicator,2009,0.21251716632979606
Sweden,SWE,Combined Health Indicator,2010,0.21069702752827707
Sweden,SWE,Combined Health Indicator,2011,0.25241724081061595
Sweden,SWE,Combined Health Indicator,2012,0.2602368383864877
Sweden,SWE,Combined Health Indicator,2013,0.26009414279020054
Sweden,SWE,Combined Health Indicator,2014,0.263985902620112
Sweden,SWE,Combined Health Indicator,2015,0.26643416836817313
Sweden,SWE,Combined Health Indicator,2016,0.26825247276039943
Sweden,SWE,Combined Health Indicator,2017,0.2677650111227543
Sweden,SWE,Combined Health Indicator,2018,0.273419025962761
Sweden,SWE,Combined Health Indicator,2019,0.27012357193565373
Sweden,SWE,Combined Health Indicator,2020,0.28382460334949067
Sweden,SWE,Combined Health Indicator,2021,0.3026916000119638
Switzerland,CHE,Combined Health Indicator,1998,0.3214050813951984
Switzerland,CHE,Combined Health Indicator,1999,0.32548909874363074
Switzerland,CHE,Combined Health Indicator,2000,0.3241453191265683
Switzerland,CHE,Combined Health Indicator,2001,0.3253407215770106
Switzerland,CHE,Combined Health Indicator,2002,0.33618524351788504
Switzerland,CHE,Combined Health Indicator,2003,0.3330532899197569
Switzerland,CHE,Combined Health Indicator,2004,0.33609647481602656
Switzerland,CHE,Combined Health Indicator,2005,0.3317138192763873
Switzerland,CHE,Combined Health Indicator,2006,0.3320858882767161
Switzerland,CHE,Combined Health Indicator,2007,0.34616156806359194
Switzerland,CHE,Combined Health Indicator,2008,0.35398036427199814
Switzerland,CHE,Combined Health Indicator,2009,0.35674392487707735
Switzerland,CHE,Combined Health Indicator,2010,0.35919176614482057
Switzerland,CHE,Combined Health Indicator,2011,0.3621371749828133
Switzerland,CHE,Combined Health Indicator,2012,0.36922933922255496
Switzerland,CHE,Combined Health Indicator,2013,0.3802052028354742
Switzerland,CHE,Combined Health Indicator,2014,0.38293761485661304
Switzerland,CHE,Combined Health Indicator,2015,0.39432933643254114
Switzerland,CHE,Combined Health Indicator,2016,0.4050088264826007
Switzerland,CHE,Combined Health Indicator,2017,0.4024770296454371
Switzerland,CHE,Combined Health Indicator,2018,0.4052534836363803
Switzerland,CHE,Combined Health Indicator,2019,0.40836384283125715
Switzerland,CHE,Combined Health Indicator,2020,0.417767064045533
Switzerland,CHE,Combined Health Indicator,2021,0.4393640732349601
Turkey,TUR,Combined Health Indicator,1994,0.05876719818157031
Turkey,TUR,Combined Health Indicator,1995,0.057934094470432206
Turkey,TUR,Combined Health Indicator,1996,0.06090463085333237
Turkey,TUR,Combined Health Indicator,1997,0.06370025801503364
Turkey,TUR,Combined Health Indicator,1998,0.0657453945820177
Turkey,TUR,Combined Health Indicator,1999,0.06961649018381144
Turkey,TUR,Combined Health Indicator,2000,0.0636271708772778
Turkey,TUR,Combined Health Indicator,2001,0.06896168936147885
Turkey,TUR,Combined Health Indicator,2002,0.08183944526532082
Turkey,TUR,Combined Health Indicator,2003,0.08108272175390108
Turkey,TUR,Combined Health Indicator,2004,0.08278125673970976
Turkey,TUR,Combined Health Indicator,2005,0.085000962248101
Turkey,TUR,Combined Health Indicator,2006,0.08940229633560967
Turkey,TUR,Combined Health Indicator,2007,0.0923568417432348
Turkey,TUR,Combined Health Indicator,2008,0.09674122421726136
Turkey,TUR,Combined Health Indicator,2009,0.09839792012437398
Turkey,TUR,Combined Health Indicator,2010,0.10355512302393005
Turkey,TUR,Combined Health Indicator,2011,0.10143986050669283
Turkey,TUR,Combined Health Indicator,2012,0.10303064036767175
Turkey,TUR,Combined Health Indicator,2013,0.10490104718643646
Turkey,TUR,Combined Health Indicator,2014,0.10834566140089509
Turkey,TUR,Combined Health Indicator,2015,0.10973027218470924
Turkey,TUR,Combined Health Indicator,2016,0.11572853064670724
Turkey,TUR,Combined Health Indicator,2017,0.11966200381978792
Turkey,TUR,Combined Health Indicator,2018,0.12221714332735303
Turkey,TUR,Combined Health Indicator,2019,0.12430343841344968
Turkey,TUR,Combined Health Indicator,2020,0.1316403954839004
Turkey,TUR,Combined Health Indicator,2021,0.14255550026003586
United Kingdom,GBR,Combined Health Indicator,2000,0.19077349067524393
United Kingdom,GBR,Combined Health Indicator,2001,0.19788533183894286
United Kingdom,GBR,Combined Health Indicator,2002,0.20612979627031258
United Kingdom,GBR,Combined Health Indicator,2003,0.20999766814162266
United Kingdom,GBR,Combined Health Indicator,2004,0.21779198423503604
United Kingdom,GBR,Combined Health Indicator,2005,0.2134018135268629
United Kingdom,GBR,Combined Health Indicator,2006,0.2151305067203103
United Kingdom,GBR,Combined Health Indicator,2007,0.21596855689365352
United Kingdom,GBR,Combined Health Indicator,2008,0.22013399350986734
United Kingdom,GBR,Combined Health Indicator,2009,0.22045557348497002
United Kingdom,GBR,Combined Health Indicator,2010,0.21422350343202362
United Kingdom,GBR,Combined Health Indicator,2011,0.21508449579480843
United Kingdom,GBR,Combined Health Indicator,2012,0.21844905719384317
United Kingdom,GBR,Combined Health Indicator,2013,0.22106577557182505
United Kingdom,GBR,Combined Health Indicator,2014,0.22376360647301136
United Kingdom,GBR,Combined Health Indicator,2015,0.2218207972787402
United Kingdom,GBR,Combined Health Indicator,2016,0.22654018086629085
United Kingdom,GBR,Combined Health Indicator,2017,0.22965506470965016
United Kingdom,GBR,Combined Health Indicator,2018,0.234533070464929
United Kingdom,GBR,Combined Health Indicator,2019,0.2412172283928674
United Kingdom,GBR,Combined Health Indicator,2020,0.2658456616096466
United Kingdom,GBR,Combined Health Indicator,2021,0.28497971766033176
United Kingdom,GBR,Combined Health Indicator,2022,0.2867245146371502
United States of America,USA,Combined Health Indicator,1991,0.25552351221200575
United States of America,USA,Combined Health Indicator,1992,0.2584752397032977
United States of America,USA,Combined Health Indicator,1993,0.2625598625410981
United States of America,USA,Combined Health Indicator,1994,0.2623085018470855
United States of America,USA,Combined Health Indicator,1995,0.2611139750232324
United States of America,USA,Combined Health Indicator,1996,0.26340059188170384
United States of America,USA,Combined Health Indicator,1997,0.26526820898615944
United States of America,USA,Combined Health Indicator,1998,0.2679109080723505
United States of America,USA,Combined Health Indicator,1999,0.2726026064805921
United States of America,USA,Combined Health Indicator,2000,0.2818029185499969
United States of America,USA,Combined Health Indicator,2001,0.2957687771283886
United States of America,USA,Combined Health Indicator,2002,0.3109024082514369
United States of America,USA,Combined Health Indicator,2003,0.3259618525300185
United States of America,USA,Combined Health Indicator,2004,0.33789832430648303
United States of America,USA,Combined Health Indicator,2005,0.35092799463515434
United States of America,USA,Combined Health Indicator,2006,0.3659458101766388
United States of America,USA,Combined Health Indicator,2007,0.3794844450708733
United States of America,USA,Combined Health Indicator,2008,0.38820335048242655
United States of America,USA,Combined Health Indicator,2009,0.3973373258224998
United States of America,USA,Combined Health Indicator,2010,0.4060702753974852
United States of America,USA,Combined Health Indicator,2011,0.41175461078801334
United States of America,USA,Combined Health Indicator,2012,0.4215150974122668
United States of America,USA,Combined Health Indicator,2013,0.4274463892506613
United States of America,USA,Combined Health Indicator,2014,0.44238480053716134
United States of America,USA,Combined Health Indicator,2015,0.4592884739176763
United States of America,USA,Combined Health Indicator,2016,0.47334662593425075
United States of America,USA,Combined Health Indicator,2017,0.48970615880626345
United States of America,USA,Combined Health Indicator,2018,0.5054213081413369
United States of America,USA,Combined Health Indicator,2019,0.521272899953757
United States of America,USA,Combined Health Indicator,2020,0.564767236590014
United States of America,USA,Combined Health Indicator,2021,0.5761085373416703
Chile,CHL,Combined Health Indicator,2000,0.09235500773948796
Chile,CHL,Combined Health Indicator,2001,0.09029282161997303
Chile,CHL,Combined Health Indicator,2002,0.08896222766985026
Chile,CHL,Combined Health Indicator,2003,0.09025036064679097
Chile,CHL,Combined Health Indicator,2004,0.0894239238685299
Chile,CHL,Combined Health Indicator,2005,0.08795788961426829
Chile,CHL,Combined Health Indicator,2006,0.09479977880875251
Chile,CHL,Combined Health Indicator,2007,0.09768107247468955
Chile,CHL,Combined Health Indicator,2008,0.10020320498966342
Chile,CHL,Combined Health Indicator,2009,0.10739673749998149
Chile,CHL,Combined Health Indicator,2010,0.09744679866554261
Chile,CHL,Combined Health Indicator,2011,0.10760637798156361
Chile,CHL,Combined Health Indicator,2012,0.11134441677383125
Chile,CHL,Combined Health Indicator,2013,0.11852282787729396
Chile,CHL,Combined Health Indicator,2014,0.1208920391860189
Chile,CHL,Combined Health Indicator,2015,0.12481700835033452
Chile,CHL,Combined Health Indicator,2016,0.12862868069908273
Chile,CHL,Combined Health Indicator,2017,0.13570329850235555
Chile,CHL,Combined Health Indicator,2018,0.1407606550573144
Chile,CHL,Combined Health Indicator,2019,0.14042584941634184
Chile,CHL,Combined Health Indicator,2020,0.14476468399415682
Chile,CHL,Combined Health Indicator,2021,0.15356766958013263
Chile,CHL,Combined Health Indicator,2022,0.15383071607284737
Estonia,EST,Combined Health Indicator,1999,0.24556303133996396
Estonia,EST,Combined Health Indicator,2000,0.23335911908547394
Estonia,EST,Combined Health Indicator,2001,0.21889039431181687
Estonia,EST,Combined Health Indicator,2002,0.2016763370596577
Estonia,EST,Combined Health Indicator,2003,0.19820619594985656
Estonia,EST,Combined Health Indicator,2004,0.19973524793051262
Estonia,EST,Combined Health Indicator,2005,0.1945527875478563
Estonia,EST,Combined Health Indicator,2006,0.20254636077821908
Estonia,EST,Combined Health Indicator,2007,0.20835920279436224
Estonia,EST,Combined Health Indicator,2008,0.220050767076518
Estonia,EST,Combined Health Indicator,2009,0.21230260662973371
Estonia,EST,Combined Health Indicator,2010,0.21129640636838087
Estonia,EST,Combined Health Indicator,2011,0.216107672246773
Estonia,EST,Combined Health Indicator,2012,0.226589690439935
Estonia,EST,Combined Health Indicator,2013,0.21092883720608496
Estonia,EST,Combined Health Indicator,2014,0.21563579116204065
Estonia,EST,Combined Health Indicator,2015,0.21793838832940576
Estonia,EST,Combined Health Indicator,2016,0.22012158570269375
Estonia,EST,Combined Health Indicator,2017,0.22183259985488415
Estonia,EST,Combined Health Indicator,2018,0.2259388959632714
Estonia,EST,Combined Health Indicator,2019,0.22963555256185084
Estonia,EST,Combined Health Indicator,2020,0.23886331926672777
Estonia,EST,Combined Health Indicator,2021,0.25077611609278505
Israel,ISR,Combined Health Indicator,1995,0.16411609554240122
Israel,ISR,Combined Health Indicator,1996,0.16595262313355974
Israel,ISR,Combined Health Indicator,1997,0.16562274262202964
Israel,ISR,Combined Health Indicator,1998,0.16666303358311232
Israel,ISR,Combined Health Indicator,1999,0.1634455876205373
Israel,ISR,Combined Health Indicator,2000,0.167641355453654
Israel,ISR,Combined Health Indicator,2001,0.17258359985546587
Israel,ISR,Combined Health Indicator,2002,0.17252384432241463
Israel,ISR,Combined Health Indicator,2003,0.17346180257759375
Israel,ISR,Combined Health Indicator,2004,0.17453757509566792
Israel,ISR,Combined Health Indicator,2005,0.1742241706464447
Israel,ISR,Combined Health Indicator,2006,0.16280811448774274
Israel,ISR,Combined Health Indicator,2007,0.165689286215273
Israel,ISR,Combined Health Indicator,2008,0.1630995118503028
Israel,ISR,Combined Health Indicator,2009,0.1627106047695669
Israel,ISR,Combined Health Indicator,2010,0.16427453015125099
Israel,ISR,Combined Health Indicator,2011,0.16821774384726157
Israel,ISR,Combined Health Indicator,2012,0.1727741025570083
Israel,ISR,Combined Health Indicator,2013,0.17307078973370643
Israel,ISR,Combined Health Indicator,2014,0.17270370606398816
Israel,ISR,Combined Health Indicator,2015,0.17405776042025323
Israel,ISR,Combined Health Indicator,2016,0.18162528207678952
Israel,ISR,Combined Health Indicator,2017,0.18652773594791708
Israel,ISR,Combined Health Indicator,2018,0.190304358089253
Israel,ISR,Combined Health Indicator,2019,0.18868486687639913
Israel,ISR,Combined Health Indicator,2020,0.1938959444690018
Israel,ISR,Combined Health Indicator,2021,0.20946201935332065
Israel,ISR,Combined Health Indicator,2022,0.21985031704922836
Slovenia,SVN,Combined Health Indicator,2000,0.21734532153167838
Slovenia,SVN,Combined Health Indicator,2001,0.21313805609760397
Slovenia,SVN,Combined Health Indicator,2002,0.21840583429937244
Slovenia,SVN,Combined Health Indicator,2003,0.2161744425867332
Slovenia,SVN,Combined Health Indicator,2004,0.21384565929720478
Slovenia,SVN,Combined Health Indicator,2005,0.21659132251964205
Slovenia,SVN,Combined Health Indicator,2006,0.2182016920319108
Slovenia,SVN,Combined Health Indicator,2007,0.21786109282360105
Slovenia,SVN,Combined Health Indicator,2008,0.23012432198675606
Slovenia,SVN,Combined Health Indicator,2009,0.22417069078169266
Slovenia,SVN,Combined Health Indicator,2010,0.225409147897779
Slovenia,SVN,Combined Health Indicator,2011,0.22943890186911092
Slovenia,SVN,Combined Health Indicator,2012,0.22904974024518004
Slovenia,SVN,Combined Health Indicator,2013,0.23205035063519275
Slovenia,SVN,Combined Health Indicator,2014,0.23187848146883203
Slovenia,SVN,Combined Health Indicator,2015,0.23421574702881692
Slovenia,SVN,Combined Health Indicator,2016,0.24015550667416646
Slovenia,SVN,Combined Health Indicator,2017,0.24440848040571878
Slovenia,SVN,Combined Health Indicator,2018,0.25091653526381896
Slovenia,SVN,Combined Health Indicator,2019,0.25825946650511133
Slovenia,SVN,Combined Health Indicator,2020,0.26377315324387157
Slovenia,SVN,Combined Health Indicator,2021,0.2798376950049542
Brazil,BRA,Combined Health Indicator,2011,0.1105228415322702
Brazil,BRA,Combined Health Indicator,2012,0.111023016677254
Brazil,BRA,Combined Health Indicator,2013,0.11354319971378962
Brazil,BRA,Combined Health Indicator,2014,0.11641983345986065
Brazil,BRA,Combined Health Indicator,2015,0.11279206589182372
Brazil,BRA,Combined Health Indicator,2016,0.11093529321967466
Brazil,BRA,Combined Health Indicator,2017,0.11240738204818394
Brazil,BRA,Combined Health Indicator,2018,0.11299756353971575
Brazil,BRA,Combined Health Indicator,2019,0.11483968768958934
Brazil,BRA,Combined Health Indicator,2020,0.12424095983097282
China,CHN,Combined Health Indicator,2011,0.0866668697950614
China,CHN,Combined Health Indicator,2012,0.1001794493164171
China,CHN,Combined Health Indicator,2013,0.11163443710376511
China,CHN,Combined Health Indicator,2014,0.12130031273512776
China,CHN,Combined Health Indicator,2015,0.13088224879664198
China,CHN,Combined Health Indicator,2016,0.14018457123334713
China,CHN,Combined Health Indicator,2017,0.1520271636473616
China,CHN,Combined Health Indicator,2018,0.16398173975649272
China,CHN,Combined Health Indicator,2019,0.1751328292765904
China,CHN,Combined Health Indicator,2020,0.18395369665118197
Colombia,COL,Combined Health Indicator,2011,0.05904161491753249
Colombia,COL,Combined Health Indicator,2012,0.06196953372310436
Colombia,COL,Combined Health Indicator,2013,0.0675745829999348
Colombia,COL,Combined Health Indicator,2014,0.07146980777054823
Colombia,COL,Combined Health Indicator,2015,0.07411192690279991
Colombia,COL,Combined Health Indicator,2016,0.07919483701905466
Colombia,COL,Combined Health Indicator,2017,0.08142725490425981
Colombia,COL,Combined Health Indicator,2018,0.0839363816308194
Colombia,COL,Combined Health Indicator,2019,0.08691343634223639
Colombia,COL,Combined Health Indicator,2020,0.08748364216501993
India,IND,Combined Health Indicator,2011,0.004963600261440371
India,IND,Combined Health Indicator,2012,0.0014300447414049918
India,IND,Combined Health Indicator,2013,0.0026372180021673685
India,IND,Combined Health Indicator,2014,0.0036514116498247715
India,IND,Combined Health Indicator,2015,0.005595485560284748
India,IND,Combined Health Indicator,2016,0.002618034165028013
India,IND,Combined Health Indicator,2017,0.0031708101565588254
Indonesia,IDN,Combined Health Indicator,2011,0.009368846638802244
Indonesia,IDN,Combined Health Indicator,2012,0.01694743301064643
Indonesia,IDN,Combined Health Indicator,2013,0.022028494254107033
Indonesia,IDN,Combined Health Indicator,2014,0.0214477210054994
Indonesia,IDN,Combined Health Indicator,2015,0.023032807904785096
Indonesia,IDN,Combined Health Indicator,2016,0.02407429538110252
Indonesia,IDN,Combined Health Indicator,2017,0.025590018829195232
Latvia,LVA,Combined Health Indicator,2000,0.2873271609426933
Latvia,LVA,Combined Health Indicator,2001,0.27478330604011886
Latvia,LVA,Combined Health Indicator,2002,0.2644721437681826
Latvia,LVA,Combined Health Indicator,2003,0.26740029845078206
Latvia,LVA,Combined Health Indicator,2004,0.2726721390828345
Latvia,LVA,Combined Health Indicator,2005,0.27414077783968915
Latvia,LVA,Combined Health Indicator,2006,0.27660053544997143
Latvia,LVA,Combined Health Indicator,2007,0.2820041613060999
Latvia,LVA,Combined Health Indicator,2008,0.2814114313104772
Latvia,LVA,Combined Health Indicator,2009,0.24269614263892186
Latvia,LVA,Combined Health Indicator,2010,0.2104999464692753
Latvia,LVA,Combined Health Indicator,2011,0.2171756061271852
Latvia,LVA,Combined Health Indicator,2012,0.22077270066245694
Latvia,LVA,Combined Health Indicator,2013,0.22084769533810447
Latvia,LVA,Combined Health Indicator,2014,0.2185736083113262
Latvia,LVA,Combined Health Indicator,2015,0.22447464400303324
Latvia,LVA,Combined Health Indicator,2016,0.23415440945473126
Latvia,LVA,Combined Health Indicator,2017,0.23179148172802033
Latvia,LVA,Combined Health Indicator,2018,0.23680951263708863
Latvia,LVA,Combined Health Indicator,2019,0.24132986850100205
Latvia,LVA,Combined Health Indicator,2020,0.24543169216228883
Latvia,LVA,Combined Health Indicator,2021,0.27825168755250435
Lithuania,LTU,Combined Health Indicator,2000,0.2938881382609649
Lithuania,LTU,Combined Health Indicator,2001,0.27867200714902485
Lithuania,LTU,Combined Health Indicator,2002,0.2754480801902678
Lithuania,LTU,Combined Health Indicator,2003,0.2715227154726372
Lithuania,LTU,Combined Health Indicator,2004,0.2611303176085648
Lithuania,LTU,Combined Health Indicator,2005,0.2555348827135916
Lithuania,LTU,Combined Health Indicator,2006,0.25676821348894735
Lithuania,LTU,Combined Health Indicator,2007,0.2639096504419883
Lithuania,LTU,Combined Health Indicator,2008,0.27139376181730407
Lithuania,LTU,Combined Health Indicator,2009,0.2703954265401335
Lithuania,LTU,Combined Health Indicator,2010,0.27174934829161046
Lithuania,LTU,Combined Health Indicator,2011,0.28537902831295664
Lithuania,LTU,Combined Health Indicator,2012,0.28949887970062405
Lithuania,LTU,Combined Health Indicator,2013,0.2887946080258453
Lithuania,LTU,Combined Health Indicator,2014,0.2920868101204449
Lithuania,LTU,Combined Health Indicator,2015,0.2881146045883899
Lithuania,LTU,Combined Health Indicator,2016,0.2863549243427931
Lithuania,LTU,Combined Health Indicator,2017,0.2875845196346799
Lithuania,LTU,Combined Health Indicator,2018,0.29017085572490164
Lithuania,LTU,Combined Health Indicator,2019,0.2993717934859125
Lithuania,LTU,Combined Health Indicator,2020,0.29627906339196014
Lithuania,LTU,Combined Health Indicator,2021,0.316625512780521
Costa Rica,CRI,Combined Health Indicator,2011,0.06739976444297752
Costa Rica,CRI,Combined Health Indicator,2012,0.06815965528083288
Costa Rica,CRI,Combined Health Indicator,2013,0.06831770129174174
Costa Rica,CRI,Combined Health Indicator,2014,0.07107492191075893
Costa Rica,CRI,Combined Health Indicator,2015,0.0736574463167715
Costa Rica,CRI,Combined Health Indicator,2016,0.07460070884959014
Costa Rica,CRI,Combined Health Indicator,2017,0.07560602467347602
Costa Rica,CRI,Combined Health Indicator,2018,0.07811399908639699
Costa Rica,CRI,Combined Health Indicator,2019,0.07888156856619383
Costa Rica,CRI,Combined Health Indicator,2020,0.08309694245571829
Costa Rica,CRI,Combined Health Indicator,2021,0.08594910408658252
Costa Rica,CRI,Combined Health Indicator,2022,0.08344792387813607
Bulgaria,BGR,Combined Health Indicator,2003,0.21298406726990127
Bulgaria,BGR,Combined Health Indicator,2004,0.2095737487635807
Bulgaria,BGR,Combined Health Indicator,2005,0.22181773009130817
Bulgaria,BGR,Combined Health Indicator,2006,0.21581734647501247
Bulgaria,BGR,Combined Health Indicator,2007,0.22405472749297325
Bulgaria,BGR,Combined Health Indicator,2008,0.232826671969914
Bulgaria,BGR,Combined Health Indicator,2009,0.23746672524217077
Bulgaria,BGR,Combined Health Indicator,2010,0.2398013927632781
Bulgaria,BGR,Combined Health Indicator,2011,0.2385300101885314
Bulgaria,BGR,Combined Health Indicator,2012,0.2487549709288675
Bulgaria,BGR,Combined Health Indicator,2013,0.25500584946787624
Bulgaria,BGR,Combined Health Indicator,2014,0.2722715343203775
Bulgaria,BGR,Combined Health Indicator,2015,0.27709297094075397
Bulgaria,BGR,Combined Health Indicator,2016,0.28480314665857664
Bulgaria,BGR,Combined Health Indicator,2017,0.2946780450797014
Bulgaria,BGR,Combined Health Indicator,2018,0.3017311546218655
Bulgaria,BGR,Combined Health Indicator,2019,0.3085492873320117
Bulgaria,BGR,Combined Health Indicator,2020,0.32479348017363596
Bulgaria,BGR,Combined Health Indicator,2021,0.342902090794136
Croatia,HRV,Combined Health Indicator,2003,0.20673767677201915
Croatia,HRV,Combined Health Indicator,2004,0.20742365130817503
Croatia,HRV,Combined Health Indicator,2005,0.2077750587469813
Croatia,HRV,Combined Health Indicator,2006,0.21271660238697174
Croatia,HRV,Combined Health Indicator,2007,0.22261799860248166
Croatia,HRV,Combined Health Indicator,2008,0.2285500327376983
Croatia,HRV,Combined Health Indicator,2009,0.2253316368032975
Croatia,HRV,Combined Health Indicator,2010,0.23400532433759536
Croatia,HRV,Combined Health Indicator,2011,0.2372313440459602
Croatia,HRV,Combined Health Indicator,2012,0.23706526157767546
Croatia,HRV,Combined Health Indicator,2013,0.22895668213300055
Croatia,HRV,Combined Health Indicator,2014,0.2333079170098617
Croatia,HRV,Combined Health Indicator,2015,0.22507793301914814
Croatia,HRV,Combined Health Indicator,2016,0.22910094878450774
Croatia,HRV,Combined Health Indicator,2017,0.23437970176232142
Croatia,HRV,Combined Health Indicator,2018,0.24166085179138408
Croatia,HRV,Combined Health Indicator,2019,0.25002266480222385
Croatia,HRV,Combined Health Indicator,2020,0.25481094428957823
Croatia,HRV,Combined Health Indicator,2021,0.2740241995868397
Romania,ROU,Combined Health Indicator,2003,0.22103799126184784
Romania,ROU,Combined Health Indicator,2004,0.22511626878039553
Romania,ROU,Combined Health Indicator,2005,0.22770774608039504
Romania,ROU,Combined Health Indicator,2006,0.2291837754007815
Romania,ROU,Combined Health Indicator,2007,0.22964019398777508
Romania,ROU,Combined Health Indicator,2008,0.24017335243319782
Romania,ROU,Combined Health Indicator,2009,0.24377827308424652
Romania,ROU,Combined Health Indicator,2010,0.23856683993725894
Romania,ROU,Combined Health Indicator,2011,0.2275446537266159
Romania,ROU,Combined Health Indicator,2012,0.23319064584776933
Romania,ROU,Combined Health Indicator,2013,0.2415518720354084
Romania,ROU,Combined Health Indicator,2014,0.24340498696089924
Romania,ROU,Combined Health Indicator,2015,0.24769420208190784
Romania,ROU,Combined Health Indicator,2016,0.25614523227428204
Romania,ROU,Combined Health Indicator,2017,0.2645656927061305
Romania,ROU,Combined Health Indicator,2018,0.27740804438424593
Romania,ROU,Combined Health Indicator,2019,0.2880682275282346
Romania,ROU,Combined Health Indicator,2020,0.29866466244591267
Romania,ROU,Combined Health Indicator,2021,0.3154711534606127
