"LOCATION","INDICATOR","SUBJECT","MEASURE","FREQUENCY","TIME","Value","Flag Codes"
"AUS","HEALTHEXP","TOT","USD_CAP","A","1971",212.545,
"AUS","HEALTHEXP","TOT","USD_CAP","A","1972",226.524,
"AUS","HEALTHEXP","TOT","USD_CAP","A","1973",251.085,
"AUS","HEALTHEXP","TOT","USD_CAP","A","1974",306.927,
"AUS","HEALTHEXP","TOT","USD_CAP","A","1975",374.393,
"AUS","HEALTHEXP","TOT","USD_CAP","A","1976",406.043,
"AUS","HEALTHEXP","TOT","USD_CAP","A","1977",450.142,
"AUS","HEALTHEXP","TOT","USD_CAP","A","1978",483.297,
"AUS","HEALTHEXP","TOT","USD_CAP","A","1979",526.757,
"AUS","HEALTHEXP","TOT","USD_CAP","A","1980",592.397,
"AUS","HEALTHEXP","TOT","USD_CAP","A","1981",668.212,
"AUS","HEALTHEXP","TOT","USD_CAP","A","1982",705.505,
"AUS","HEALTHEXP","TOT","USD_CAP","A","1983",757.41,
"AUS","HEALTHEXP","TOT","USD_CAP","A","1984",803.836,
"AUS","HEALTHEXP","TOT","USD_CAP","A","1985",855.498,
"AUS","HEALTHEXP","TOT","USD_CAP","A","1986",904.542,
"AUS","HEALTHEXP","TOT","USD_CAP","A","1987",952.647,
"AUS","HEALTHEXP","TOT","USD_CAP","A","1988",1027.927,
"AUS","HEALTHEXP","TOT","USD_CAP","A","1989",1097.364,
"AUS","HEALTHEXP","TOT","USD_CAP","A","1990",1166.26,
"AUS","HEALTHEXP","TOT","USD_CAP","A","1991",1234.372,
"AUS","HEALTHEXP","TOT","USD_CAP","A","1992",1305.536,
"AUS","HEALTHEXP","TOT","USD_CAP","A","1993",1373.205,
"AUS","HEALTHEXP","TOT","USD_CAP","A","1994",1454.566,
"AUS","HEALTHEXP","TOT","USD_CAP","A","1995",1537.471,
"AUS","HEALTHEXP","TOT","USD_CAP","A","1996",1642.967,
"AUS","HEALTHEXP","TOT","USD_CAP","A","1997",1727.783,
"AUS","HEALTHEXP","TOT","USD_CAP","A","1998",1839.209,"D"
"AUS","HEALTHEXP","TOT","USD_CAP","A","1999",1956.897,"D"
"AUS","HEALTHEXP","TOT","USD_CAP","A","2000",2153.292,"D"
"AUS","HEALTHEXP","TOT","USD_CAP","A","2001",2290.69,"D"
"AUS","HEALTHEXP","TOT","USD_CAP","A","2002",2481.046,"D"
"AUS","HEALTHEXP","TOT","USD_CAP","A","2003",2578.709,"D"
"AUS","HEALTHEXP","TOT","USD_CAP","A","2004",2818.137,"D"
"AUS","HEALTHEXP","TOT","USD_CAP","A","2005",2872.44,"D"
"AUS","HEALTHEXP","TOT","USD_CAP","A","2006",2996.396,"D"
"AUS","HEALTHEXP","TOT","USD_CAP","A","2007",3199.837,"D"
"AUS","HEALTHEXP","TOT","USD_CAP","A","2008",3350.144,"D"
"AUS","HEALTHEXP","TOT","USD_CAP","A","2009",3417.833,"D"
"AUS","HEALTHEXP","TOT","USD_CAP","A","2010",3593.395,"D"
"AUS","HEALTHEXP","TOT","USD_CAP","A","2011",3809.112,"D"
"AUS","HEALTHEXP","TOT","USD_CAP","A","2012",3854.19,"D"
"AUS","HEALTHEXP","TOT","USD_CAP","A","2013",4087.849,"D"
"AUS","HEALTHEXP","TOT","USD_CAP","A","2014",4556.492,
"AUS","HEALTHEXP","TOT","USD_CAP","A","2015",4776.158,
"AUS","HEALTHEXP","TOT","USD_CAP","A","2016",5037.266,
"AUS","HEALTHEXP","TOT","USD_CAP","A","2017",5074.653,
"AUS","HEALTHEXP","TOT","USD_CAP","A","2018",5190.886,
"AUS","HEALTHEXP","TOT","USD_CAP","A","2019",5126.653,
"AUS","HEALTHEXP","TOT","USD_CAP","A","2020",5692.402,
"AUS","HEALTHEXP","TOT","USD_CAP","A","2021",6225.535,"E"
"AUS","HEALTHEXP","TOT","USD_CAP","A","2022",6372.027,"E"
"AUT","HEALTHEXP","TOT","USD_CAP","A","1970",173.391,
"AUT","HEALTHEXP","TOT","USD_CAP","A","1971",189.271,
"AUT","HEALTHEXP","TOT","USD_CAP","A","1972",209.236,
"AUT","HEALTHEXP","TOT","USD_CAP","A","1973",237.846,
"AUT","HEALTHEXP","TOT","USD_CAP","A","1974",283.17,
"AUT","HEALTHEXP","TOT","USD_CAP","A","1975",387.066,
"AUT","HEALTHEXP","TOT","USD_CAP","A","1976",439.489,
"AUT","HEALTHEXP","TOT","USD_CAP","A","1977",486.171,
"AUT","HEALTHEXP","TOT","USD_CAP","A","1978",545.92,
"AUT","HEALTHEXP","TOT","USD_CAP","A","1979",624.629,
"AUT","HEALTHEXP","TOT","USD_CAP","A","1980",710.874,
"AUT","HEALTHEXP","TOT","USD_CAP","A","1981",659.718,
"AUT","HEALTHEXP","TOT","USD_CAP","A","1982",704.081,
"AUT","HEALTHEXP","TOT","USD_CAP","A","1983",736.373,
"AUT","HEALTHEXP","TOT","USD_CAP","A","1984",770.301,
"AUT","HEALTHEXP","TOT","USD_CAP","A","1985",828.948,
"AUT","HEALTHEXP","TOT","USD_CAP","A","1986",889.349,
"AUT","HEALTHEXP","TOT","USD_CAP","A","1987",982.732,
"AUT","HEALTHEXP","TOT","USD_CAP","A","1988",1051.142,
"AUT","HEALTHEXP","TOT","USD_CAP","A","1989",1162.766,
"AUT","HEALTHEXP","TOT","USD_CAP","A","1990",1482.281,"B"
"AUT","HEALTHEXP","TOT","USD_CAP","A","1991",1585.776,
"AUT","HEALTHEXP","TOT","USD_CAP","A","1992",1706.858,
"AUT","HEALTHEXP","TOT","USD_CAP","A","1993",1849.904,
"AUT","HEALTHEXP","TOT","USD_CAP","A","1994",2017.289,
"AUT","HEALTHEXP","TOT","USD_CAP","A","1995",2086.13,
"AUT","HEALTHEXP","TOT","USD_CAP","A","1996",2160.519,
"AUT","HEALTHEXP","TOT","USD_CAP","A","1997",2265.214,
"AUT","HEALTHEXP","TOT","USD_CAP","A","1998",2428.152,
"AUT","HEALTHEXP","TOT","USD_CAP","A","1999",2569.344,
"AUT","HEALTHEXP","TOT","USD_CAP","A","2000",2803.905,
"AUT","HEALTHEXP","TOT","USD_CAP","A","2001",2859.074,
"AUT","HEALTHEXP","TOT","USD_CAP","A","2002",3101.021,
"AUT","HEALTHEXP","TOT","USD_CAP","A","2003",3198.001,
"AUT","HEALTHEXP","TOT","USD_CAP","A","2004",3410.974,"B"
"AUT","HEALTHEXP","TOT","USD_CAP","A","2005",3475.868,
"AUT","HEALTHEXP","TOT","USD_CAP","A","2006",3634.95,
"AUT","HEALTHEXP","TOT","USD_CAP","A","2007",3795.642,
"AUT","HEALTHEXP","TOT","USD_CAP","A","2008",4009.307,
"AUT","HEALTHEXP","TOT","USD_CAP","A","2009",4090.209,
"AUT","HEALTHEXP","TOT","USD_CAP","A","2010",4258.99,
"AUT","HEALTHEXP","TOT","USD_CAP","A","2011",4345.158,
"AUT","HEALTHEXP","TOT","USD_CAP","A","2012",4588.344,
"AUT","HEALTHEXP","TOT","USD_CAP","A","2013",4767.083,
"AUT","HEALTHEXP","TOT","USD_CAP","A","2014",4858.332,
"AUT","HEALTHEXP","TOT","USD_CAP","A","2015",4943.516,
"AUT","HEALTHEXP","TOT","USD_CAP","A","2016",5195.532,
"AUT","HEALTHEXP","TOT","USD_CAP","A","2017",5315.355,
"AUT","HEALTHEXP","TOT","USD_CAP","A","2018",5518.538,
"AUT","HEALTHEXP","TOT","USD_CAP","A","2019",5625.442,
"AUT","HEALTHEXP","TOT","USD_CAP","A","2020",5863.664,
"AUT","HEALTHEXP","TOT","USD_CAP","A","2021",6690.093,
"AUT","HEALTHEXP","TOT","USD_CAP","A","2022",7275.354,"P"
"BEL","HEALTHEXP","TOT","USD_CAP","A","1970",149.573,"D"
"BEL","HEALTHEXP","TOT","USD_CAP","A","1971",164.899,"D"
"BEL","HEALTHEXP","TOT","USD_CAP","A","1972",186.303,"D"
"BEL","HEALTHEXP","TOT","USD_CAP","A","1973",224.438,"D"
"BEL","HEALTHEXP","TOT","USD_CAP","A","1974",257.393,"D"
"BEL","HEALTHEXP","TOT","USD_CAP","A","1975",335.34,"D"
"BEL","HEALTHEXP","TOT","USD_CAP","A","1976",384.687,"D"
"BEL","HEALTHEXP","TOT","USD_CAP","A","1977",446.148,"D"
"BEL","HEALTHEXP","TOT","USD_CAP","A","1978",502.708,"D"
"BEL","HEALTHEXP","TOT","USD_CAP","A","1979",562.939,"D"
"BEL","HEALTHEXP","TOT","USD_CAP","A","1980",592.436,"D"
"BEL","HEALTHEXP","TOT","USD_CAP","A","1981",668.863,"D"
"BEL","HEALTHEXP","TOT","USD_CAP","A","1982",741.748,"D"
"BEL","HEALTHEXP","TOT","USD_CAP","A","1983",786.153,"D"
"BEL","HEALTHEXP","TOT","USD_CAP","A","1984",813.539,"D"
"BEL","HEALTHEXP","TOT","USD_CAP","A","1985",865.865,"D"
"BEL","HEALTHEXP","TOT","USD_CAP","A","1986",944.824,"D"
"BEL","HEALTHEXP","TOT","USD_CAP","A","1987",1009.692,"D"
"BEL","HEALTHEXP","TOT","USD_CAP","A","1988",1111.783,"D"
"BEL","HEALTHEXP","TOT","USD_CAP","A","1989",1203.71,"D"
"BEL","HEALTHEXP","TOT","USD_CAP","A","1990",1301.908,"D"
"BEL","HEALTHEXP","TOT","USD_CAP","A","1991",1421.009,"D"
"BEL","HEALTHEXP","TOT","USD_CAP","A","1992",1525.716,"D"
"BEL","HEALTHEXP","TOT","USD_CAP","A","1993",1583.708,"D"
"BEL","HEALTHEXP","TOT","USD_CAP","A","1994",1621.74,"D"
"BEL","HEALTHEXP","TOT","USD_CAP","A","1995",1670.748,"B"
"BEL","HEALTHEXP","TOT","USD_CAP","A","1996",1768.091,
"BEL","HEALTHEXP","TOT","USD_CAP","A","1997",1814.866,
"BEL","HEALTHEXP","TOT","USD_CAP","A","1998",1881.66,
"BEL","HEALTHEXP","TOT","USD_CAP","A","1999",2011.684,
"BEL","HEALTHEXP","TOT","USD_CAP","A","2000",2298.186,
"BEL","HEALTHEXP","TOT","USD_CAP","A","2001",2404.214,
"BEL","HEALTHEXP","TOT","USD_CAP","A","2002",2644.145,
"BEL","HEALTHEXP","TOT","USD_CAP","A","2003",2902.776,"B"
"BEL","HEALTHEXP","TOT","USD_CAP","A","2004",3086.204,
"BEL","HEALTHEXP","TOT","USD_CAP","A","2005",3104.173,
"BEL","HEALTHEXP","TOT","USD_CAP","A","2006",3195.361,
"BEL","HEALTHEXP","TOT","USD_CAP","A","2007",3307.577,
"BEL","HEALTHEXP","TOT","USD_CAP","A","2008",3545.086,
"BEL","HEALTHEXP","TOT","USD_CAP","A","2009",3711.279,
"BEL","HEALTHEXP","TOT","USD_CAP","A","2010",3908.473,
"BEL","HEALTHEXP","TOT","USD_CAP","A","2011",4053.883,
"BEL","HEALTHEXP","TOT","USD_CAP","A","2012",4242.107,
"BEL","HEALTHEXP","TOT","USD_CAP","A","2013",4442.347,
"BEL","HEALTHEXP","TOT","USD_CAP","A","2014",4594.716,
"BEL","HEALTHEXP","TOT","USD_CAP","A","2015",4817.917,
"BEL","HEALTHEXP","TOT","USD_CAP","A","2016",5013.354,
"BEL","HEALTHEXP","TOT","USD_CAP","A","2017",5143.526,
"BEL","HEALTHEXP","TOT","USD_CAP","A","2018",5350.974,
"BEL","HEALTHEXP","TOT","USD_CAP","A","2019",5423.676,
"BEL","HEALTHEXP","TOT","USD_CAP","A","2020",5509.054,
"BEL","HEALTHEXP","TOT","USD_CAP","A","2021",6022.253,
"BEL","HEALTHEXP","TOT","USD_CAP","A","2022",6599.981,"E"
"CAN","HEALTHEXP","TOT","USD_CAP","A","1970",273.226,
"CAN","HEALTHEXP","TOT","USD_CAP","A","1971",313.391,
"CAN","HEALTHEXP","TOT","USD_CAP","A","1972",338.222,
"CAN","HEALTHEXP","TOT","USD_CAP","A","1973",366.733,
"CAN","HEALTHEXP","TOT","USD_CAP","A","1974",420.196,
"CAN","HEALTHEXP","TOT","USD_CAP","A","1975",487.497,"B"
"CAN","HEALTHEXP","TOT","USD_CAP","A","1976",543.337,
"CAN","HEALTHEXP","TOT","USD_CAP","A","1977",580.808,
"CAN","HEALTHEXP","TOT","USD_CAP","A","1978",624.796,
"CAN","HEALTHEXP","TOT","USD_CAP","A","1979",692.269,
"CAN","HEALTHEXP","TOT","USD_CAP","A","1980",791.812,
"CAN","HEALTHEXP","TOT","USD_CAP","A","1981",898.807,
"CAN","HEALTHEXP","TOT","USD_CAP","A","1982",996.086,
"CAN","HEALTHEXP","TOT","USD_CAP","A","1983",1066.746,
"CAN","HEALTHEXP","TOT","USD_CAP","A","1984",1135.02,
"CAN","HEALTHEXP","TOT","USD_CAP","A","1985",1212.85,
"CAN","HEALTHEXP","TOT","USD_CAP","A","1986",1278.816,
"CAN","HEALTHEXP","TOT","USD_CAP","A","1987",1357.453,
"CAN","HEALTHEXP","TOT","USD_CAP","A","1988",1461.3,
"CAN","HEALTHEXP","TOT","USD_CAP","A","1989",1579.543,
"CAN","HEALTHEXP","TOT","USD_CAP","A","1990",1699.774,
"CAN","HEALTHEXP","TOT","USD_CAP","A","1991",1805.209,
"CAN","HEALTHEXP","TOT","USD_CAP","A","1992",1897.456,
"CAN","HEALTHEXP","TOT","USD_CAP","A","1993",1930.889,
"CAN","HEALTHEXP","TOT","USD_CAP","A","1994",1962.196,
"CAN","HEALTHEXP","TOT","USD_CAP","A","1995",1984.944,
"CAN","HEALTHEXP","TOT","USD_CAP","A","1996",1999.778,
"CAN","HEALTHEXP","TOT","USD_CAP","A","1997",2091.997,
"CAN","HEALTHEXP","TOT","USD_CAP","A","1998",2200.468,
"CAN","HEALTHEXP","TOT","USD_CAP","A","1999",2278.254,
"CAN","HEALTHEXP","TOT","USD_CAP","A","2000",2450.593,
"CAN","HEALTHEXP","TOT","USD_CAP","A","2001",2624.293,
"CAN","HEALTHEXP","TOT","USD_CAP","A","2002",2758.065,
"CAN","HEALTHEXP","TOT","USD_CAP","A","2003",2914.206,
"CAN","HEALTHEXP","TOT","USD_CAP","A","2004",3122.396,
"CAN","HEALTHEXP","TOT","USD_CAP","A","2005",3291.912,
"CAN","HEALTHEXP","TOT","USD_CAP","A","2006",3486.621,
"CAN","HEALTHEXP","TOT","USD_CAP","A","2007",3709.615,
"CAN","HEALTHEXP","TOT","USD_CAP","A","2008",3849.544,
"CAN","HEALTHEXP","TOT","USD_CAP","A","2009",3924.952,
"CAN","HEALTHEXP","TOT","USD_CAP","A","2010",4145.628,
"CAN","HEALTHEXP","TOT","USD_CAP","A","2011",4217.457,
"CAN","HEALTHEXP","TOT","USD_CAP","A","2012",4334.182,
"CAN","HEALTHEXP","TOT","USD_CAP","A","2013",4427.499,
"CAN","HEALTHEXP","TOT","USD_CAP","A","2014",4536.627,
"CAN","HEALTHEXP","TOT","USD_CAP","A","2015",4633.159,
"CAN","HEALTHEXP","TOT","USD_CAP","A","2016",5043.699,
"CAN","HEALTHEXP","TOT","USD_CAP","A","2017",5171.553,
"CAN","HEALTHEXP","TOT","USD_CAP","A","2018",5337.4,
"CAN","HEALTHEXP","TOT","USD_CAP","A","2019",5222.644,
"CAN","HEALTHEXP","TOT","USD_CAP","A","2020",5879.075,"D"
"CAN","HEALTHEXP","TOT","USD_CAP","A","2021",6277.503,
"CAN","HEALTHEXP","TOT","USD_CAP","A","2022",6319.038,
"CZE","HEALTHEXP","TOT","USD_CAP","A","1990",490.947,
"CZE","HEALTHEXP","TOT","USD_CAP","A","1991",438.433,
"CZE","HEALTHEXP","TOT","USD_CAP","A","1992",462.649,
"CZE","HEALTHEXP","TOT","USD_CAP","A","1993",658.263,
"CZE","HEALTHEXP","TOT","USD_CAP","A","1994",725.056,
"CZE","HEALTHEXP","TOT","USD_CAP","A","1995",808.182,"B"
"CZE","HEALTHEXP","TOT","USD_CAP","A","1996",858.847,
"CZE","HEALTHEXP","TOT","USD_CAP","A","1997",869.442,
"CZE","HEALTHEXP","TOT","USD_CAP","A","1998",888.949,
"CZE","HEALTHEXP","TOT","USD_CAP","A","1999",951.854,
"CZE","HEALTHEXP","TOT","USD_CAP","A","2000",1026.024,"B"
"CZE","HEALTHEXP","TOT","USD_CAP","A","2001",1160.247,
"CZE","HEALTHEXP","TOT","USD_CAP","A","2002",1267.68,
"CZE","HEALTHEXP","TOT","USD_CAP","A","2003",1393.824,"B"
"CZE","HEALTHEXP","TOT","USD_CAP","A","2004",1464.059,
"CZE","HEALTHEXP","TOT","USD_CAP","A","2005",1523.395,
"CZE","HEALTHEXP","TOT","USD_CAP","A","2006",1560.186,
"CZE","HEALTHEXP","TOT","USD_CAP","A","2007",1660.49,
"CZE","HEALTHEXP","TOT","USD_CAP","A","2008",1822.937,
"CZE","HEALTHEXP","TOT","USD_CAP","A","2009",2048.775,
"CZE","HEALTHEXP","TOT","USD_CAP","A","2010",2209.036,"B"
"CZE","HEALTHEXP","TOT","USD_CAP","A","2011",2227.642,
"CZE","HEALTHEXP","TOT","USD_CAP","A","2012",2283.968,
"CZE","HEALTHEXP","TOT","USD_CAP","A","2013",2384.745,
"CZE","HEALTHEXP","TOT","USD_CAP","A","2014",2569.915,
"CZE","HEALTHEXP","TOT","USD_CAP","A","2015",2605.889,
"CZE","HEALTHEXP","TOT","USD_CAP","A","2016",2798.379,
"CZE","HEALTHEXP","TOT","USD_CAP","A","2017",2969.542,
"CZE","HEALTHEXP","TOT","USD_CAP","A","2018",3128.523,
"CZE","HEALTHEXP","TOT","USD_CAP","A","2019",3272.224,
"CZE","HEALTHEXP","TOT","USD_CAP","A","2020",3804.101,
"CZE","HEALTHEXP","TOT","USD_CAP","A","2021",4302.98,
"CZE","HEALTHEXP","TOT","USD_CAP","A","2022",4512.162,"E"
"DNK","HEALTHEXP","TOT","USD_CAP","A","1971",338.013,"D"
"DNK","HEALTHEXP","TOT","USD_CAP","A","1972",369.393,"D"
"DNK","HEALTHEXP","TOT","USD_CAP","A","1973",397.066,"D"
"DNK","HEALTHEXP","TOT","USD_CAP","A","1974",458.78,"D"
"DNK","HEALTHEXP","TOT","USD_CAP","A","1975",508.814,"D"
"DNK","HEALTHEXP","TOT","USD_CAP","A","1976",559.687,"D"
"DNK","HEALTHEXP","TOT","USD_CAP","A","1977",591.367,"D"
"DNK","HEALTHEXP","TOT","USD_CAP","A","1978",659.843,"D"
"DNK","HEALTHEXP","TOT","USD_CAP","A","1979",739.095,"D"
"DNK","HEALTHEXP","TOT","USD_CAP","A","1980",797.086,
"DNK","HEALTHEXP","TOT","USD_CAP","A","1981",871.592,
"DNK","HEALTHEXP","TOT","USD_CAP","A","1982",956.108,
"DNK","HEALTHEXP","TOT","USD_CAP","A","1983",1003.394,
"DNK","HEALTHEXP","TOT","USD_CAP","A","1984",1025.308,
"DNK","HEALTHEXP","TOT","USD_CAP","A","1985",1106.65,
"DNK","HEALTHEXP","TOT","USD_CAP","A","1986",1167.596,
"DNK","HEALTHEXP","TOT","USD_CAP","A","1987",1251.13,
"DNK","HEALTHEXP","TOT","USD_CAP","A","1988",1313.355,
"DNK","HEALTHEXP","TOT","USD_CAP","A","1989",1359.255,
"DNK","HEALTHEXP","TOT","USD_CAP","A","1990",1441.516,
"DNK","HEALTHEXP","TOT","USD_CAP","A","1991",1484.027,
"DNK","HEALTHEXP","TOT","USD_CAP","A","1992",1554.371,
"DNK","HEALTHEXP","TOT","USD_CAP","A","1993",1646.894,
"DNK","HEALTHEXP","TOT","USD_CAP","A","1994",1708.511,
"DNK","HEALTHEXP","TOT","USD_CAP","A","1995",1715.029,
"DNK","HEALTHEXP","TOT","USD_CAP","A","1996",1813.999,
"DNK","HEALTHEXP","TOT","USD_CAP","A","1997",1891.682,
"DNK","HEALTHEXP","TOT","USD_CAP","A","1998",1914.184,
"DNK","HEALTHEXP","TOT","USD_CAP","A","1999",2181.669,
"DNK","HEALTHEXP","TOT","USD_CAP","A","2000",2345.715,
"DNK","HEALTHEXP","TOT","USD_CAP","A","2001",2472.315,
"DNK","HEALTHEXP","TOT","USD_CAP","A","2002",2711.668,
"DNK","HEALTHEXP","TOT","USD_CAP","A","2003",2723.11,"B"
"DNK","HEALTHEXP","TOT","USD_CAP","A","2004",2920.644,
"DNK","HEALTHEXP","TOT","USD_CAP","A","2005",3014.982,
"DNK","HEALTHEXP","TOT","USD_CAP","A","2006",3289.222,
"DNK","HEALTHEXP","TOT","USD_CAP","A","2007",3563.086,
"DNK","HEALTHEXP","TOT","USD_CAP","A","2008",3777.707,
"DNK","HEALTHEXP","TOT","USD_CAP","A","2009",4016.152,
"DNK","HEALTHEXP","TOT","USD_CAP","A","2010",4265.601,"B"
"DNK","HEALTHEXP","TOT","USD_CAP","A","2011",4266.254,
"DNK","HEALTHEXP","TOT","USD_CAP","A","2012",4426.627,
"DNK","HEALTHEXP","TOT","USD_CAP","A","2013",4517.248,
"DNK","HEALTHEXP","TOT","USD_CAP","A","2014",4589.765,
"DNK","HEALTHEXP","TOT","USD_CAP","A","2015",4719.382,
"DNK","HEALTHEXP","TOT","USD_CAP","A","2016",4894.079,
"DNK","HEALTHEXP","TOT","USD_CAP","A","2017",5112.959,
"DNK","HEALTHEXP","TOT","USD_CAP","A","2018",5306.704,
"DNK","HEALTHEXP","TOT","USD_CAP","A","2019",5359.776,
"DNK","HEALTHEXP","TOT","USD_CAP","A","2020",5697.193,
"DNK","HEALTHEXP","TOT","USD_CAP","A","2021",6372.074,
"DNK","HEALTHEXP","TOT","USD_CAP","A","2022",6279.807,"P"
"FIN","HEALTHEXP","TOT","USD_CAP","A","1970",151.817,
"FIN","HEALTHEXP","TOT","USD_CAP","A","1971",172.952,
"FIN","HEALTHEXP","TOT","USD_CAP","A","1972",194.903,
"FIN","HEALTHEXP","TOT","USD_CAP","A","1973",215.228,
"FIN","HEALTHEXP","TOT","USD_CAP","A","1974",244.709,
"FIN","HEALTHEXP","TOT","USD_CAP","A","1975",285.659,
"FIN","HEALTHEXP","TOT","USD_CAP","A","1976",321.467,
"FIN","HEALTHEXP","TOT","USD_CAP","A","1977",350.175,
"FIN","HEALTHEXP","TOT","USD_CAP","A","1978",380.409,
"FIN","HEALTHEXP","TOT","USD_CAP","A","1979",434.11,
"FIN","HEALTHEXP","TOT","USD_CAP","A","1980",492.762,
"FIN","HEALTHEXP","TOT","USD_CAP","A","1981",554.428,
"FIN","HEALTHEXP","TOT","USD_CAP","A","1982",608.69,
"FIN","HEALTHEXP","TOT","USD_CAP","A","1983",659.054,
"FIN","HEALTHEXP","TOT","USD_CAP","A","1984",715.288,
"FIN","HEALTHEXP","TOT","USD_CAP","A","1985",805.55,
"FIN","HEALTHEXP","TOT","USD_CAP","A","1986",863.619,
"FIN","HEALTHEXP","TOT","USD_CAP","A","1987",946.648,
"FIN","HEALTHEXP","TOT","USD_CAP","A","1988",1028.516,
"FIN","HEALTHEXP","TOT","USD_CAP","A","1989",1134.258,
"FIN","HEALTHEXP","TOT","USD_CAP","A","1990",1261.603,
"FIN","HEALTHEXP","TOT","USD_CAP","A","1991",1350.305,
"FIN","HEALTHEXP","TOT","USD_CAP","A","1992",1334.32,
"FIN","HEALTHEXP","TOT","USD_CAP","A","1993",1226.337,"B"
"FIN","HEALTHEXP","TOT","USD_CAP","A","1994",1218.172,
"FIN","HEALTHEXP","TOT","USD_CAP","A","1995",1346.179,
"FIN","HEALTHEXP","TOT","USD_CAP","A","1996",1418.16,
"FIN","HEALTHEXP","TOT","USD_CAP","A","1997",1475.282,
"FIN","HEALTHEXP","TOT","USD_CAP","A","1998",1523.959,
"FIN","HEALTHEXP","TOT","USD_CAP","A","1999",1609.61,
"FIN","HEALTHEXP","TOT","USD_CAP","A","2000",1876.849,
"FIN","HEALTHEXP","TOT","USD_CAP","A","2001",1982.267,
"FIN","HEALTHEXP","TOT","USD_CAP","A","2002",2201.215,
"FIN","HEALTHEXP","TOT","USD_CAP","A","2003",2277.09,
"FIN","HEALTHEXP","TOT","USD_CAP","A","2004",2478.714,
"FIN","HEALTHEXP","TOT","USD_CAP","A","2005",2573.5,
"FIN","HEALTHEXP","TOT","USD_CAP","A","2006",2752.672,
"FIN","HEALTHEXP","TOT","USD_CAP","A","2007",3004.933,
"FIN","HEALTHEXP","TOT","USD_CAP","A","2008",3243.775,
"FIN","HEALTHEXP","TOT","USD_CAP","A","2009",3281.453,
"FIN","HEALTHEXP","TOT","USD_CAP","A","2010",3427.329,
"FIN","HEALTHEXP","TOT","USD_CAP","A","2011",3598.302,
"FIN","HEALTHEXP","TOT","USD_CAP","A","2012",3786.188,
"FIN","HEALTHEXP","TOT","USD_CAP","A","2013",3933.236,
"FIN","HEALTHEXP","TOT","USD_CAP","A","2014",3955.755,
"FIN","HEALTHEXP","TOT","USD_CAP","A","2015",3992.493,"B"
"FIN","HEALTHEXP","TOT","USD_CAP","A","2016",4103.554,
"FIN","HEALTHEXP","TOT","USD_CAP","A","2017",4215.309,
"FIN","HEALTHEXP","TOT","USD_CAP","A","2018",4330.443,
"FIN","HEALTHEXP","TOT","USD_CAP","A","2019",4383.634,
"FIN","HEALTHEXP","TOT","USD_CAP","A","2020",4614.556,
"FIN","HEALTHEXP","TOT","USD_CAP","A","2021",5251.501,
"FIN","HEALTHEXP","TOT","USD_CAP","A","2022",5598.892,"E"
"FRA","HEALTHEXP","TOT","USD_CAP","A","1970",192.143,
"FRA","HEALTHEXP","TOT","USD_CAP","A","1975",363.61,
"FRA","HEALTHEXP","TOT","USD_CAP","A","1980",659.826,
"FRA","HEALTHEXP","TOT","USD_CAP","A","1985",1001.145,
"FRA","HEALTHEXP","TOT","USD_CAP","A","1990",1459.11,
"FRA","HEALTHEXP","TOT","USD_CAP","A","1991",1558.033,
"FRA","HEALTHEXP","TOT","USD_CAP","A","1992",1651.139,
"FRA","HEALTHEXP","TOT","USD_CAP","A","1993",1753.485,
"FRA","HEALTHEXP","TOT","USD_CAP","A","1994",1817.042,
"FRA","HEALTHEXP","TOT","USD_CAP","A","1995",2100.918,"B"
"FRA","HEALTHEXP","TOT","USD_CAP","A","1996",2169.451,
"FRA","HEALTHEXP","TOT","USD_CAP","A","1997",2236.595,
"FRA","HEALTHEXP","TOT","USD_CAP","A","1998",2321.931,
"FRA","HEALTHEXP","TOT","USD_CAP","A","1999",2431.303,
"FRA","HEALTHEXP","TOT","USD_CAP","A","2000",2687.53,
"FRA","HEALTHEXP","TOT","USD_CAP","A","2001",2875.294,
"FRA","HEALTHEXP","TOT","USD_CAP","A","2002",3152.016,
"FRA","HEALTHEXP","TOT","USD_CAP","A","2003",3056.265,"B"
"FRA","HEALTHEXP","TOT","USD_CAP","A","2004",3170.947,
"FRA","HEALTHEXP","TOT","USD_CAP","A","2005",3264.574,
"FRA","HEALTHEXP","TOT","USD_CAP","A","2006",3444.855,"B"
"FRA","HEALTHEXP","TOT","USD_CAP","A","2007",3588.227,
"FRA","HEALTHEXP","TOT","USD_CAP","A","2008",3729.353,
"FRA","HEALTHEXP","TOT","USD_CAP","A","2009",3880.842,
"FRA","HEALTHEXP","TOT","USD_CAP","A","2010",4045.065,
"FRA","HEALTHEXP","TOT","USD_CAP","A","2011",4161.698,
"FRA","HEALTHEXP","TOT","USD_CAP","A","2012",4299.434,
"FRA","HEALTHEXP","TOT","USD_CAP","A","2013",4541.522,"B"
"FRA","HEALTHEXP","TOT","USD_CAP","A","2014",4628.775,
"FRA","HEALTHEXP","TOT","USD_CAP","A","2015",4670.174,
"FRA","HEALTHEXP","TOT","USD_CAP","A","2016",4921.818,
"FRA","HEALTHEXP","TOT","USD_CAP","A","2017",5004.495,
"FRA","HEALTHEXP","TOT","USD_CAP","A","2018",5097.228,
"FRA","HEALTHEXP","TOT","USD_CAP","A","2019",5163.421,
"FRA","HEALTHEXP","TOT","USD_CAP","A","2020",5453.182,
"FRA","HEALTHEXP","TOT","USD_CAP","A","2021",6105.608,
"FRA","HEALTHEXP","TOT","USD_CAP","A","2022",6629.556,"E"
"DEU","HEALTHEXP","TOT","USD_CAP","A","1970",252.311,
"DEU","HEALTHEXP","TOT","USD_CAP","A","1971",298.251,
"DEU","HEALTHEXP","TOT","USD_CAP","A","1972",337.364,
"DEU","HEALTHEXP","TOT","USD_CAP","A","1973",384.541,
"DEU","HEALTHEXP","TOT","USD_CAP","A","1974",452.744,
"DEU","HEALTHEXP","TOT","USD_CAP","A","1975",532.481,
"DEU","HEALTHEXP","TOT","USD_CAP","A","1976",591.098,
"DEU","HEALTHEXP","TOT","USD_CAP","A","1977",647.352,
"DEU","HEALTHEXP","TOT","USD_CAP","A","1978",729.457,
"DEU","HEALTHEXP","TOT","USD_CAP","A","1979",800.703,
"DEU","HEALTHEXP","TOT","USD_CAP","A","1980",908.166,
"DEU","HEALTHEXP","TOT","USD_CAP","A","1981",1014.713,
"DEU","HEALTHEXP","TOT","USD_CAP","A","1982",1044.528,
"DEU","HEALTHEXP","TOT","USD_CAP","A","1983",1104.594,
"DEU","HEALTHEXP","TOT","USD_CAP","A","1984",1196.56,
"DEU","HEALTHEXP","TOT","USD_CAP","A","1985",1298.555,
"DEU","HEALTHEXP","TOT","USD_CAP","A","1986",1386.51,
"DEU","HEALTHEXP","TOT","USD_CAP","A","1987",1480.096,
"DEU","HEALTHEXP","TOT","USD_CAP","A","1988",1616.349,
"DEU","HEALTHEXP","TOT","USD_CAP","A","1989",1596.16,
"DEU","HEALTHEXP","TOT","USD_CAP","A","1990",1724.332,
"DEU","HEALTHEXP","TOT","USD_CAP","A","1992",2019.308,"B"
"DEU","HEALTHEXP","TOT","USD_CAP","A","1993",2040.313,
"DEU","HEALTHEXP","TOT","USD_CAP","A","1994",2188.676,
"DEU","HEALTHEXP","TOT","USD_CAP","A","1995",2349.145,
"DEU","HEALTHEXP","TOT","USD_CAP","A","1996",2480.217,
"DEU","HEALTHEXP","TOT","USD_CAP","A","1997",2496.201,
"DEU","HEALTHEXP","TOT","USD_CAP","A","1998",2566.003,
"DEU","HEALTHEXP","TOT","USD_CAP","A","1999",2697.878,
"DEU","HEALTHEXP","TOT","USD_CAP","A","2000",2895.602,
"DEU","HEALTHEXP","TOT","USD_CAP","A","2001",3009.368,
"DEU","HEALTHEXP","TOT","USD_CAP","A","2002",3239.77,
"DEU","HEALTHEXP","TOT","USD_CAP","A","2003",3329.374,
"DEU","HEALTHEXP","TOT","USD_CAP","A","2004",3391.521,
"DEU","HEALTHEXP","TOT","USD_CAP","A","2005",3429.955,
"DEU","HEALTHEXP","TOT","USD_CAP","A","2006",3567.061,
"DEU","HEALTHEXP","TOT","USD_CAP","A","2007",3750.787,
"DEU","HEALTHEXP","TOT","USD_CAP","A","2008",3955.136,
"DEU","HEALTHEXP","TOT","USD_CAP","A","2009",4158.266,
"DEU","HEALTHEXP","TOT","USD_CAP","A","2010",4423.07,
"DEU","HEALTHEXP","TOT","USD_CAP","A","2011",4566.663,
"DEU","HEALTHEXP","TOT","USD_CAP","A","2012",4745.53,
"DEU","HEALTHEXP","TOT","USD_CAP","A","2013",4951.934,
"DEU","HEALTHEXP","TOT","USD_CAP","A","2014",5153.434,
"DEU","HEALTHEXP","TOT","USD_CAP","A","2015",5299.105,
"DEU","HEALTHEXP","TOT","USD_CAP","A","2016",5673.733,
"DEU","HEALTHEXP","TOT","USD_CAP","A","2017",5976.472,
"DEU","HEALTHEXP","TOT","USD_CAP","A","2018",6290.078,
"DEU","HEALTHEXP","TOT","USD_CAP","A","2019",6418.323,
"DEU","HEALTHEXP","TOT","USD_CAP","A","2020",6945.909,
"DEU","HEALTHEXP","TOT","USD_CAP","A","2021",7518.153,
"DEU","HEALTHEXP","TOT","USD_CAP","A","2022",8010.935,"P"
"GRC","HEALTHEXP","TOT","USD_CAP","A","1988",617.226,
"GRC","HEALTHEXP","TOT","USD_CAP","A","1989",736.223,
"GRC","HEALTHEXP","TOT","USD_CAP","A","1990",773.66,
"GRC","HEALTHEXP","TOT","USD_CAP","A","1991",796.095,
"GRC","HEALTHEXP","TOT","USD_CAP","A","1992",887.703,
"GRC","HEALTHEXP","TOT","USD_CAP","A","1993",1001.482,
"GRC","HEALTHEXP","TOT","USD_CAP","A","1994",1140.602,
"GRC","HEALTHEXP","TOT","USD_CAP","A","1995",1191.426,
"GRC","HEALTHEXP","TOT","USD_CAP","A","1996",1234.04,
"GRC","HEALTHEXP","TOT","USD_CAP","A","1997",1289.096,
"GRC","HEALTHEXP","TOT","USD_CAP","A","1998",1328.552,
"GRC","HEALTHEXP","TOT","USD_CAP","A","1999",1390.316,
"GRC","HEALTHEXP","TOT","USD_CAP","A","2000",1418.418,
"GRC","HEALTHEXP","TOT","USD_CAP","A","2001",1700.929,
"GRC","HEALTHEXP","TOT","USD_CAP","A","2002",1951.129,
"GRC","HEALTHEXP","TOT","USD_CAP","A","2003",2048.654,"B"
"GRC","HEALTHEXP","TOT","USD_CAP","A","2004",2100.803,
"GRC","HEALTHEXP","TOT","USD_CAP","A","2005",2193.594,
"GRC","HEALTHEXP","TOT","USD_CAP","A","2006",2303.075,
"GRC","HEALTHEXP","TOT","USD_CAP","A","2007",2425.471,
"GRC","HEALTHEXP","TOT","USD_CAP","A","2008",2665.467,
"GRC","HEALTHEXP","TOT","USD_CAP","A","2009",2735.578,
"GRC","HEALTHEXP","TOT","USD_CAP","A","2010",2606.608,
"GRC","HEALTHEXP","TOT","USD_CAP","A","2011",2289.591,
"GRC","HEALTHEXP","TOT","USD_CAP","A","2012",2145.538,
"GRC","HEALTHEXP","TOT","USD_CAP","A","2013",2087.856,
"GRC","HEALTHEXP","TOT","USD_CAP","A","2014",2011.097,
"GRC","HEALTHEXP","TOT","USD_CAP","A","2015",2122.934,
"GRC","HEALTHEXP","TOT","USD_CAP","A","2016",2258.26,
"GRC","HEALTHEXP","TOT","USD_CAP","A","2017",2250.844,
"GRC","HEALTHEXP","TOT","USD_CAP","A","2018",2314.696,
"GRC","HEALTHEXP","TOT","USD_CAP","A","2019",2349.574,
"GRC","HEALTHEXP","TOT","USD_CAP","A","2020",2486.091,
"GRC","HEALTHEXP","TOT","USD_CAP","A","2021",2736.445,
"GRC","HEALTHEXP","TOT","USD_CAP","A","2022",3015.251,"E"
"HUN","HEALTHEXP","TOT","USD_CAP","A","1991",589.815,
"HUN","HEALTHEXP","TOT","USD_CAP","A","1992",627.198,
"HUN","HEALTHEXP","TOT","USD_CAP","A","1993",647.757,
"HUN","HEALTHEXP","TOT","USD_CAP","A","1994",727.653,
"HUN","HEALTHEXP","TOT","USD_CAP","A","1995",685.441,
"HUN","HEALTHEXP","TOT","USD_CAP","A","1996",692.801,
"HUN","HEALTHEXP","TOT","USD_CAP","A","1997",698.271,
"HUN","HEALTHEXP","TOT","USD_CAP","A","1998",768.839,"B"
"HUN","HEALTHEXP","TOT","USD_CAP","A","1999",823.236,
"HUN","HEALTHEXP","TOT","USD_CAP","A","2000",906.89,
"HUN","HEALTHEXP","TOT","USD_CAP","A","2001",996.031,
"HUN","HEALTHEXP","TOT","USD_CAP","A","2002",1167.234,
"HUN","HEALTHEXP","TOT","USD_CAP","A","2003",1364.863,"B"
"HUN","HEALTHEXP","TOT","USD_CAP","A","2004",1381.481,
"HUN","HEALTHEXP","TOT","USD_CAP","A","2005",1463.525,
"HUN","HEALTHEXP","TOT","USD_CAP","A","2006",1511.444,
"HUN","HEALTHEXP","TOT","USD_CAP","A","2007",1430.045,
"HUN","HEALTHEXP","TOT","USD_CAP","A","2008",1492.593,
"HUN","HEALTHEXP","TOT","USD_CAP","A","2009",1492.591,
"HUN","HEALTHEXP","TOT","USD_CAP","A","2010",1666.211,
"HUN","HEALTHEXP","TOT","USD_CAP","A","2011",1755.527,
"HUN","HEALTHEXP","TOT","USD_CAP","A","2012",1766.535,
"HUN","HEALTHEXP","TOT","USD_CAP","A","2013",1821.58,
"HUN","HEALTHEXP","TOT","USD_CAP","A","2014",1863.754,
"HUN","HEALTHEXP","TOT","USD_CAP","A","2015",1891.248,
"HUN","HEALTHEXP","TOT","USD_CAP","A","2016",1999.683,
"HUN","HEALTHEXP","TOT","USD_CAP","A","2017",1998.62,
"HUN","HEALTHEXP","TOT","USD_CAP","A","2018",2106.896,
"HUN","HEALTHEXP","TOT","USD_CAP","A","2019",2095.186,
"HUN","HEALTHEXP","TOT","USD_CAP","A","2020",2421.807,
"HUN","HEALTHEXP","TOT","USD_CAP","A","2021",2748.683,
"HUN","HEALTHEXP","TOT","USD_CAP","A","2022",2840.101,"P"
"ISL","HEALTHEXP","TOT","USD_CAP","A","1970",166.011,"D"
"ISL","HEALTHEXP","TOT","USD_CAP","A","1971",221.847,"D"
"ISL","HEALTHEXP","TOT","USD_CAP","A","1972",243.389,"D"
"ISL","HEALTHEXP","TOT","USD_CAP","A","1973",257.902,"D"
"ISL","HEALTHEXP","TOT","USD_CAP","A","1974",338.315,"D"
"ISL","HEALTHEXP","TOT","USD_CAP","A","1975",359.105,"D"
"ISL","HEALTHEXP","TOT","USD_CAP","A","1976",381.289,"D"
"ISL","HEALTHEXP","TOT","USD_CAP","A","1977",451.882,"D"
"ISL","HEALTHEXP","TOT","USD_CAP","A","1978",557.895,"D"
"ISL","HEALTHEXP","TOT","USD_CAP","A","1979",686.605,"D"
"ISL","HEALTHEXP","TOT","USD_CAP","A","1980",721.81,"B"
"ISL","HEALTHEXP","TOT","USD_CAP","A","1981",822.528,
"ISL","HEALTHEXP","TOT","USD_CAP","A","1982",925.273,
"ISL","HEALTHEXP","TOT","USD_CAP","A","1983",984.268,
"ISL","HEALTHEXP","TOT","USD_CAP","A","1984",962.924,
"ISL","HEALTHEXP","TOT","USD_CAP","A","1985",1046.257,
"ISL","HEALTHEXP","TOT","USD_CAP","A","1986",1248.18,
"ISL","HEALTHEXP","TOT","USD_CAP","A","1987",1472.035,
"ISL","HEALTHEXP","TOT","USD_CAP","A","1988",1597.375,
"ISL","HEALTHEXP","TOT","USD_CAP","A","1989",1557.328,
"ISL","HEALTHEXP","TOT","USD_CAP","A","1990",1575.185,
"ISL","HEALTHEXP","TOT","USD_CAP","A","1991",1662.582,
"ISL","HEALTHEXP","TOT","USD_CAP","A","1992",1665.65,
"ISL","HEALTHEXP","TOT","USD_CAP","A","1993",1697.821,
"ISL","HEALTHEXP","TOT","USD_CAP","A","1994",1751.593,
"ISL","HEALTHEXP","TOT","USD_CAP","A","1995",1810.686,
"ISL","HEALTHEXP","TOT","USD_CAP","A","1996",1886.532,
"ISL","HEALTHEXP","TOT","USD_CAP","A","1997",2019.116,
"ISL","HEALTHEXP","TOT","USD_CAP","A","1998",2334.404,
"ISL","HEALTHEXP","TOT","USD_CAP","A","1999",2575.561,
"ISL","HEALTHEXP","TOT","USD_CAP","A","2000",2658.937,"B"
"ISL","HEALTHEXP","TOT","USD_CAP","A","2001",2751.066,
"ISL","HEALTHEXP","TOT","USD_CAP","A","2002",3057.131,
"ISL","HEALTHEXP","TOT","USD_CAP","A","2003",3106.92,"B"
"ISL","HEALTHEXP","TOT","USD_CAP","A","2004",3262.487,
"ISL","HEALTHEXP","TOT","USD_CAP","A","2005",3280.772,
"ISL","HEALTHEXP","TOT","USD_CAP","A","2006",3394.032,
"ISL","HEALTHEXP","TOT","USD_CAP","A","2007",3559.775,
"ISL","HEALTHEXP","TOT","USD_CAP","A","2008",3612.468,
"ISL","HEALTHEXP","TOT","USD_CAP","A","2009",3480.941,
"ISL","HEALTHEXP","TOT","USD_CAP","A","2010",3264.284,
"ISL","HEALTHEXP","TOT","USD_CAP","A","2011",3312.455,
"ISL","HEALTHEXP","TOT","USD_CAP","A","2012",3399.002,
"ISL","HEALTHEXP","TOT","USD_CAP","A","2013",3498.071,
"ISL","HEALTHEXP","TOT","USD_CAP","A","2014",3599.617,
"ISL","HEALTHEXP","TOT","USD_CAP","A","2015",3733.352,
"ISL","HEALTHEXP","TOT","USD_CAP","A","2016",3932.095,
"ISL","HEALTHEXP","TOT","USD_CAP","A","2017",4111.255,
"ISL","HEALTHEXP","TOT","USD_CAP","A","2018",4235.661,
"ISL","HEALTHEXP","TOT","USD_CAP","A","2019",4318.27,
"ISL","HEALTHEXP","TOT","USD_CAP","A","2020",4632.283,
"ISL","HEALTHEXP","TOT","USD_CAP","A","2021",5106.541,
"ISL","HEALTHEXP","TOT","USD_CAP","A","2022",5314.11,"P"
"IRL","HEALTHEXP","TOT","USD_CAP","A","1970",115.833,
"IRL","HEALTHEXP","TOT","USD_CAP","A","1971",148.32,
"IRL","HEALTHEXP","TOT","USD_CAP","A","1972",168.788,
"IRL","HEALTHEXP","TOT","USD_CAP","A","1973",193.913,
"IRL","HEALTHEXP","TOT","USD_CAP","A","1974",216.985,
"IRL","HEALTHEXP","TOT","USD_CAP","A","1975",252.213,
"IRL","HEALTHEXP","TOT","USD_CAP","A","1976",261.622,
"IRL","HEALTHEXP","TOT","USD_CAP","A","1977",281.37,
"IRL","HEALTHEXP","TOT","USD_CAP","A","1978",342.642,
"IRL","HEALTHEXP","TOT","USD_CAP","A","1979",395.014,
"IRL","HEALTHEXP","TOT","USD_CAP","A","1980",475.486,
"IRL","HEALTHEXP","TOT","USD_CAP","A","1981",491.625,
"IRL","HEALTHEXP","TOT","USD_CAP","A","1982",516.647,
"IRL","HEALTHEXP","TOT","USD_CAP","A","1983",542.641,
"IRL","HEALTHEXP","TOT","USD_CAP","A","1984",566.528,
"IRL","HEALTHEXP","TOT","USD_CAP","A","1985",606.567,
"IRL","HEALTHEXP","TOT","USD_CAP","A","1986",620.319,
"IRL","HEALTHEXP","TOT","USD_CAP","A","1987",639.514,
"IRL","HEALTHEXP","TOT","USD_CAP","A","1988",663.947,
"IRL","HEALTHEXP","TOT","USD_CAP","A","1989",701.046,
"IRL","HEALTHEXP","TOT","USD_CAP","A","1990",752.033,
"IRL","HEALTHEXP","TOT","USD_CAP","A","1991",839.708,
"IRL","HEALTHEXP","TOT","USD_CAP","A","1992",919.418,
"IRL","HEALTHEXP","TOT","USD_CAP","A","1993",992.766,
"IRL","HEALTHEXP","TOT","USD_CAP","A","1994",1040.844,
"IRL","HEALTHEXP","TOT","USD_CAP","A","1995",1130.502,
"IRL","HEALTHEXP","TOT","USD_CAP","A","1996",1185.72,
"IRL","HEALTHEXP","TOT","USD_CAP","A","1997",1288.49,
"IRL","HEALTHEXP","TOT","USD_CAP","A","1998",1395.603,
"IRL","HEALTHEXP","TOT","USD_CAP","A","1999",1498.298,
"IRL","HEALTHEXP","TOT","USD_CAP","A","2000",1829.789,
"IRL","HEALTHEXP","TOT","USD_CAP","A","2001",2134.358,
"IRL","HEALTHEXP","TOT","USD_CAP","A","2002",2418.861,
"IRL","HEALTHEXP","TOT","USD_CAP","A","2003",2578.802,
"IRL","HEALTHEXP","TOT","USD_CAP","A","2004",2804.828,
"IRL","HEALTHEXP","TOT","USD_CAP","A","2005",3093.376,
"IRL","HEALTHEXP","TOT","USD_CAP","A","2006",3204.805,
"IRL","HEALTHEXP","TOT","USD_CAP","A","2007",3384.221,
"IRL","HEALTHEXP","TOT","USD_CAP","A","2008",3643.273,
"IRL","HEALTHEXP","TOT","USD_CAP","A","2009",3855.118,
"IRL","HEALTHEXP","TOT","USD_CAP","A","2010",4050.987,
"IRL","HEALTHEXP","TOT","USD_CAP","A","2011",4188.104,"B"
"IRL","HEALTHEXP","TOT","USD_CAP","A","2012",4349.185,
"IRL","HEALTHEXP","TOT","USD_CAP","A","2013",4287.9,
"IRL","HEALTHEXP","TOT","USD_CAP","A","2014",4185.871,
"IRL","HEALTHEXP","TOT","USD_CAP","A","2015",4309.173,
"IRL","HEALTHEXP","TOT","USD_CAP","A","2016",4553.266,
"IRL","HEALTHEXP","TOT","USD_CAP","A","2017",4682.722,
"IRL","HEALTHEXP","TOT","USD_CAP","A","2018",4876.91,
"IRL","HEALTHEXP","TOT","USD_CAP","A","2019",4976.129,
"IRL","HEALTHEXP","TOT","USD_CAP","A","2020",5378.183,
"IRL","HEALTHEXP","TOT","USD_CAP","A","2021",5860.738,
"IRL","HEALTHEXP","TOT","USD_CAP","A","2022",6046.548,"P"
"ITA","HEALTHEXP","TOT","USD_CAP","A","1988",1052.784,
"ITA","HEALTHEXP","TOT","USD_CAP","A","1989",1122.547,
"ITA","HEALTHEXP","TOT","USD_CAP","A","1990",1274.024,
"ITA","HEALTHEXP","TOT","USD_CAP","A","1991",1387.471,
"ITA","HEALTHEXP","TOT","USD_CAP","A","1992",1403.629,
"ITA","HEALTHEXP","TOT","USD_CAP","A","1993",1398.26,
"ITA","HEALTHEXP","TOT","USD_CAP","A","1994",1413.011,
"ITA","HEALTHEXP","TOT","USD_CAP","A","1995",1464.822,"B"
"ITA","HEALTHEXP","TOT","USD_CAP","A","1996",1528.904,
"ITA","HEALTHEXP","TOT","USD_CAP","A","1997",1651.791,
"ITA","HEALTHEXP","TOT","USD_CAP","A","1998",1736.633,
"ITA","HEALTHEXP","TOT","USD_CAP","A","1999",1802.03,
"ITA","HEALTHEXP","TOT","USD_CAP","A","2000",2030.535,
"ITA","HEALTHEXP","TOT","USD_CAP","A","2001",2151.727,
"ITA","HEALTHEXP","TOT","USD_CAP","A","2002",2292.714,
"ITA","HEALTHEXP","TOT","USD_CAP","A","2003",2289.348,
"ITA","HEALTHEXP","TOT","USD_CAP","A","2004",2451.044,
"ITA","HEALTHEXP","TOT","USD_CAP","A","2005",2504.099,
"ITA","HEALTHEXP","TOT","USD_CAP","A","2006",2662.499,
"ITA","HEALTHEXP","TOT","USD_CAP","A","2007",2695.633,
"ITA","HEALTHEXP","TOT","USD_CAP","A","2008",2932.455,
"ITA","HEALTHEXP","TOT","USD_CAP","A","2009",2937.493,
"ITA","HEALTHEXP","TOT","USD_CAP","A","2010",3104.465,
"ITA","HEALTHEXP","TOT","USD_CAP","A","2011",3098.256,
"ITA","HEALTHEXP","TOT","USD_CAP","A","2012",3071.61,"B"
"ITA","HEALTHEXP","TOT","USD_CAP","A","2013",3042.931,
"ITA","HEALTHEXP","TOT","USD_CAP","A","2014",3036.86,
"ITA","HEALTHEXP","TOT","USD_CAP","A","2015",3088.931,
"ITA","HEALTHEXP","TOT","USD_CAP","A","2016",3274.024,
"ITA","HEALTHEXP","TOT","USD_CAP","A","2017",3376.084,
"ITA","HEALTHEXP","TOT","USD_CAP","A","2018",3495.868,
"ITA","HEALTHEXP","TOT","USD_CAP","A","2019",3565.324,
"ITA","HEALTHEXP","TOT","USD_CAP","A","2020",3753.088,
"ITA","HEALTHEXP","TOT","USD_CAP","A","2021",4042.558,
"ITA","HEALTHEXP","TOT","USD_CAP","A","2022",4290.689,"P"
"JPN","HEALTHEXP","TOT","USD_CAP","A","1970",150.437,"D"
"JPN","HEALTHEXP","TOT","USD_CAP","A","1971",163.854,"D"
"JPN","HEALTHEXP","TOT","USD_CAP","A","1972",185.39,"D"
"JPN","HEALTHEXP","TOT","USD_CAP","A","1973",205.778,"D"
"JPN","HEALTHEXP","TOT","USD_CAP","A","1974",242.018,"D"
"JPN","HEALTHEXP","TOT","USD_CAP","A","1975",284.269,"D"
"JPN","HEALTHEXP","TOT","USD_CAP","A","1976",303.725,"D"
"JPN","HEALTHEXP","TOT","USD_CAP","A","1977",340.628,"D"
"JPN","HEALTHEXP","TOT","USD_CAP","A","1978",392.577,"D"
"JPN","HEALTHEXP","TOT","USD_CAP","A","1979",452.931,"D"
"JPN","HEALTHEXP","TOT","USD_CAP","A","1980",535.016,"D"
"JPN","HEALTHEXP","TOT","USD_CAP","A","1981",603.965,"D"
"JPN","HEALTHEXP","TOT","USD_CAP","A","1982",664.777,"D"
"JPN","HEALTHEXP","TOT","USD_CAP","A","1983",714.857,"D"
"JPN","HEALTHEXP","TOT","USD_CAP","A","1984",745.981,"D"
"JPN","HEALTHEXP","TOT","USD_CAP","A","1985",818.382,"D"
"JPN","HEALTHEXP","TOT","USD_CAP","A","1986",859.855,"D"
"JPN","HEALTHEXP","TOT","USD_CAP","A","1987",916.703,"D"
"JPN","HEALTHEXP","TOT","USD_CAP","A","1988",969.251,"D"
"JPN","HEALTHEXP","TOT","USD_CAP","A","1989",1021.247,"D"
"JPN","HEALTHEXP","TOT","USD_CAP","A","1990",1088.959,"D"
"JPN","HEALTHEXP","TOT","USD_CAP","A","1991",1166.43,"D"
"JPN","HEALTHEXP","TOT","USD_CAP","A","1992",1253.415,"D"
"JPN","HEALTHEXP","TOT","USD_CAP","A","1993",1332.213,"D"
"JPN","HEALTHEXP","TOT","USD_CAP","A","1994",1420.271,"D"
"JPN","HEALTHEXP","TOT","USD_CAP","A","1995",1413.445,
"JPN","HEALTHEXP","TOT","USD_CAP","A","1996",1436.372,
"JPN","HEALTHEXP","TOT","USD_CAP","A","1997",1529.586,
"JPN","HEALTHEXP","TOT","USD_CAP","A","1998",1571.107,
"JPN","HEALTHEXP","TOT","USD_CAP","A","1999",1667.922,
"JPN","HEALTHEXP","TOT","USD_CAP","A","2000",1847.786,
"JPN","HEALTHEXP","TOT","USD_CAP","A","2001",1945.556,
"JPN","HEALTHEXP","TOT","USD_CAP","A","2002",2065.133,
"JPN","HEALTHEXP","TOT","USD_CAP","A","2003",2194.437,
"JPN","HEALTHEXP","TOT","USD_CAP","A","2004",2303.68,
"JPN","HEALTHEXP","TOT","USD_CAP","A","2005",2471.186,
"JPN","HEALTHEXP","TOT","USD_CAP","A","2006",2561.219,
"JPN","HEALTHEXP","TOT","USD_CAP","A","2007",2689.916,
"JPN","HEALTHEXP","TOT","USD_CAP","A","2008",2799.198,
"JPN","HEALTHEXP","TOT","USD_CAP","A","2009",2971.377,
"JPN","HEALTHEXP","TOT","USD_CAP","A","2010",3169.19,
"JPN","HEALTHEXP","TOT","USD_CAP","A","2011",3740.756,"B"
"JPN","HEALTHEXP","TOT","USD_CAP","A","2012",3970.765,
"JPN","HEALTHEXP","TOT","USD_CAP","A","2013",4308.252,
"JPN","HEALTHEXP","TOT","USD_CAP","A","2014",4328.364,
"JPN","HEALTHEXP","TOT","USD_CAP","A","2015",4515.556,
"JPN","HEALTHEXP","TOT","USD_CAP","A","2016",4295.858,
"JPN","HEALTHEXP","TOT","USD_CAP","A","2017",4412.852,
"JPN","HEALTHEXP","TOT","USD_CAP","A","2018",4554.276,
"JPN","HEALTHEXP","TOT","USD_CAP","A","2019",4610.794,
"JPN","HEALTHEXP","TOT","USD_CAP","A","2020",4619.518,
"JPN","HEALTHEXP","TOT","USD_CAP","A","2021",4899.088,"P"
"JPN","HEALTHEXP","TOT","USD_CAP","A","2022",5250.603,"E"
"KOR","HEALTHEXP","TOT","USD_CAP","A","1970",19.399,
"KOR","HEALTHEXP","TOT","USD_CAP","A","1971",18.491,
"KOR","HEALTHEXP","TOT","USD_CAP","A","1972",18.674,
"KOR","HEALTHEXP","TOT","USD_CAP","A","1973",19.189,
"KOR","HEALTHEXP","TOT","USD_CAP","A","1974",19.182,
"KOR","HEALTHEXP","TOT","USD_CAP","A","1975",31.791,
"KOR","HEALTHEXP","TOT","USD_CAP","A","1976",38.098,
"KOR","HEALTHEXP","TOT","USD_CAP","A","1977",41.939,
"KOR","HEALTHEXP","TOT","USD_CAP","A","1978",53.277,
"KOR","HEALTHEXP","TOT","USD_CAP","A","1979",80.181,
"KOR","HEALTHEXP","TOT","USD_CAP","A","1980",91.682,
"KOR","HEALTHEXP","TOT","USD_CAP","A","1981",107.646,
"KOR","HEALTHEXP","TOT","USD_CAP","A","1982",120.411,
"KOR","HEALTHEXP","TOT","USD_CAP","A","1983",136.872,
"KOR","HEALTHEXP","TOT","USD_CAP","A","1984",148.402,
"KOR","HEALTHEXP","TOT","USD_CAP","A","1985",165.381,
"KOR","HEALTHEXP","TOT","USD_CAP","A","1986",183.191,
"KOR","HEALTHEXP","TOT","USD_CAP","A","1987",206.317,
"KOR","HEALTHEXP","TOT","USD_CAP","A","1988",249.519,
"KOR","HEALTHEXP","TOT","USD_CAP","A","1989",314.949,
"KOR","HEALTHEXP","TOT","USD_CAP","A","1990",354.087,
"KOR","HEALTHEXP","TOT","USD_CAP","A","1991",375.715,
"KOR","HEALTHEXP","TOT","USD_CAP","A","1992",415.599,
"KOR","HEALTHEXP","TOT","USD_CAP","A","1993",439.214,
"KOR","HEALTHEXP","TOT","USD_CAP","A","1994",453.031,
"KOR","HEALTHEXP","TOT","USD_CAP","A","1995",503.865,
"KOR","HEALTHEXP","TOT","USD_CAP","A","1996",571.344,
"KOR","HEALTHEXP","TOT","USD_CAP","A","1997",588.221,
"KOR","HEALTHEXP","TOT","USD_CAP","A","1998",577.159,
"KOR","HEALTHEXP","TOT","USD_CAP","A","1999",658.124,
"KOR","HEALTHEXP","TOT","USD_CAP","A","2000",717.245,
"KOR","HEALTHEXP","TOT","USD_CAP","A","2001",835.836,
"KOR","HEALTHEXP","TOT","USD_CAP","A","2002",854.255,
"KOR","HEALTHEXP","TOT","USD_CAP","A","2003",942.247,
"KOR","HEALTHEXP","TOT","USD_CAP","A","2004",1004.759,
"KOR","HEALTHEXP","TOT","USD_CAP","A","2005",1117.391,
"KOR","HEALTHEXP","TOT","USD_CAP","A","2006",1252.127,
"KOR","HEALTHEXP","TOT","USD_CAP","A","2007",1390.289,
"KOR","HEALTHEXP","TOT","USD_CAP","A","2008",1512.074,
"KOR","HEALTHEXP","TOT","USD_CAP","A","2009",1648.446,
"KOR","HEALTHEXP","TOT","USD_CAP","A","2010",1847.174,
"KOR","HEALTHEXP","TOT","USD_CAP","A","2011",1935.968,
"KOR","HEALTHEXP","TOT","USD_CAP","A","2012",2037.725,
"KOR","HEALTHEXP","TOT","USD_CAP","A","2013",2095.721,
"KOR","HEALTHEXP","TOT","USD_CAP","A","2014",2207.542,
"KOR","HEALTHEXP","TOT","USD_CAP","A","2015",2465.926,
"KOR","HEALTHEXP","TOT","USD_CAP","A","2016",2645.637,
"KOR","HEALTHEXP","TOT","USD_CAP","A","2017",2787.255,
"KOR","HEALTHEXP","TOT","USD_CAP","A","2018",3067.115,
"KOR","HEALTHEXP","TOT","USD_CAP","A","2019",3290.825,
"KOR","HEALTHEXP","TOT","USD_CAP","A","2020",3590.183,
"KOR","HEALTHEXP","TOT","USD_CAP","A","2021",4189.091,
"KOR","HEALTHEXP","TOT","USD_CAP","A","2022",4569.508,"P"
"LUX","HEALTHEXP","TOT","USD_CAP","A","1976",341.891,
"LUX","HEALTHEXP","TOT","USD_CAP","A","1977",384.411,
"LUX","HEALTHEXP","TOT","USD_CAP","A","1978",458.135,
"LUX","HEALTHEXP","TOT","USD_CAP","A","1979",524.174,
"LUX","HEALTHEXP","TOT","USD_CAP","A","1980",597.923,
"LUX","HEALTHEXP","TOT","USD_CAP","A","1981",654.62,
"LUX","HEALTHEXP","TOT","USD_CAP","A","1982",682.382,
"LUX","HEALTHEXP","TOT","USD_CAP","A","1983",709.5,
"LUX","HEALTHEXP","TOT","USD_CAP","A","1984",752.045,
"LUX","HEALTHEXP","TOT","USD_CAP","A","1985",798.892,
"LUX","HEALTHEXP","TOT","USD_CAP","A","1986",883.739,
"LUX","HEALTHEXP","TOT","USD_CAP","A","1987",1017.736,
"LUX","HEALTHEXP","TOT","USD_CAP","A","1988",1184.137,"D"
"LUX","HEALTHEXP","TOT","USD_CAP","A","1989",1321.83,"D"
"LUX","HEALTHEXP","TOT","USD_CAP","A","1990",1475.695,"D"
"LUX","HEALTHEXP","TOT","USD_CAP","A","1991",1549.962,"D"
"LUX","HEALTHEXP","TOT","USD_CAP","A","1992",1664.8,"D"
"LUX","HEALTHEXP","TOT","USD_CAP","A","1993",1812.655,"D"
"LUX","HEALTHEXP","TOT","USD_CAP","A","1994",1857.616,
"LUX","HEALTHEXP","TOT","USD_CAP","A","1995",2097.666,"D"
"LUX","HEALTHEXP","TOT","USD_CAP","A","1996",2217.649,"D"
"LUX","HEALTHEXP","TOT","USD_CAP","A","1997",2270.327,"D"
"LUX","HEALTHEXP","TOT","USD_CAP","A","1998",2428.195,"D"
"LUX","HEALTHEXP","TOT","USD_CAP","A","1999",2827.654,
"LUX","HEALTHEXP","TOT","USD_CAP","A","2000",3411.355,"B"
"LUX","HEALTHEXP","TOT","USD_CAP","A","2001",3714.432,
"LUX","HEALTHEXP","TOT","USD_CAP","A","2002",4248.808,
"LUX","HEALTHEXP","TOT","USD_CAP","A","2003",4411.556,
"LUX","HEALTHEXP","TOT","USD_CAP","A","2004",4776.03,
"LUX","HEALTHEXP","TOT","USD_CAP","A","2005",4881.401,
"LUX","HEALTHEXP","TOT","USD_CAP","A","2006",5154.058,
"LUX","HEALTHEXP","TOT","USD_CAP","A","2007",5086.545,
"LUX","HEALTHEXP","TOT","USD_CAP","A","2008",5431.112,
"LUX","HEALTHEXP","TOT","USD_CAP","A","2009",5710.148,
"LUX","HEALTHEXP","TOT","USD_CAP","A","2010",5625.097,
"LUX","HEALTHEXP","TOT","USD_CAP","A","2011",4830.517,"B"
"LUX","HEALTHEXP","TOT","USD_CAP","A","2012",4424.503,"B"
"LUX","HEALTHEXP","TOT","USD_CAP","A","2013",4636.665,
"LUX","HEALTHEXP","TOT","USD_CAP","A","2014",4707.036,
"LUX","HEALTHEXP","TOT","USD_CAP","A","2015",4692.311,
"LUX","HEALTHEXP","TOT","USD_CAP","A","2016",4876.34,
"LUX","HEALTHEXP","TOT","USD_CAP","A","2017",4989.031,
"LUX","HEALTHEXP","TOT","USD_CAP","A","2018",5292.055,
"LUX","HEALTHEXP","TOT","USD_CAP","A","2019",5379.663,
"LUX","HEALTHEXP","TOT","USD_CAP","A","2020",5652.538,
"LUX","HEALTHEXP","TOT","USD_CAP","A","2021",6273.571,
"LUX","HEALTHEXP","TOT","USD_CAP","A","2022",6436.062,"P"
"MEX","HEALTHEXP","TOT","USD_CAP","A","1999",476.39,
"MEX","HEALTHEXP","TOT","USD_CAP","A","2000",517.218,
"MEX","HEALTHEXP","TOT","USD_CAP","A","2001",567.761,
"MEX","HEALTHEXP","TOT","USD_CAP","A","2002",600.49,
"MEX","HEALTHEXP","TOT","USD_CAP","A","2003",688.931,"B"
"MEX","HEALTHEXP","TOT","USD_CAP","A","2004",767.95,
"MEX","HEALTHEXP","TOT","USD_CAP","A","2005",771.596,
"MEX","HEALTHEXP","TOT","USD_CAP","A","2006",822.136,
"MEX","HEALTHEXP","TOT","USD_CAP","A","2007",870.599,
"MEX","HEALTHEXP","TOT","USD_CAP","A","2008",899.877,"B"
"MEX","HEALTHEXP","TOT","USD_CAP","A","2009",912.044,
"MEX","HEALTHEXP","TOT","USD_CAP","A","2010",893.79,
"MEX","HEALTHEXP","TOT","USD_CAP","A","2011",912.027,
"MEX","HEALTHEXP","TOT","USD_CAP","A","2012",973.451,
"MEX","HEALTHEXP","TOT","USD_CAP","A","2013",1002.571,
"MEX","HEALTHEXP","TOT","USD_CAP","A","2014",989.558,
"MEX","HEALTHEXP","TOT","USD_CAP","A","2015",1062.591,
"MEX","HEALTHEXP","TOT","USD_CAP","A","2016",1102.809,
"MEX","HEALTHEXP","TOT","USD_CAP","A","2017",1099.647,
"MEX","HEALTHEXP","TOT","USD_CAP","A","2018",1122.178,
"MEX","HEALTHEXP","TOT","USD_CAP","A","2019",1117.235,
"MEX","HEALTHEXP","TOT","USD_CAP","A","2020",1226.606,
"MEX","HEALTHEXP","TOT","USD_CAP","A","2021",1262.436,
"MEX","HEALTHEXP","TOT","USD_CAP","A","2022",1181.041,"E"
"NLD","HEALTHEXP","TOT","USD_CAP","A","1972",308.727,
"NLD","HEALTHEXP","TOT","USD_CAP","A","1973",341.928,
"NLD","HEALTHEXP","TOT","USD_CAP","A","1974",398.643,
"NLD","HEALTHEXP","TOT","USD_CAP","A","1975",452.864,
"NLD","HEALTHEXP","TOT","USD_CAP","A","1976",492.089,
"NLD","HEALTHEXP","TOT","USD_CAP","A","1977",541.464,
"NLD","HEALTHEXP","TOT","USD_CAP","A","1978",605.118,
"NLD","HEALTHEXP","TOT","USD_CAP","A","1979",674.308,
"NLD","HEALTHEXP","TOT","USD_CAP","A","1980",750.628,
"NLD","HEALTHEXP","TOT","USD_CAP","A","1981",808.222,
"NLD","HEALTHEXP","TOT","USD_CAP","A","1982",865.857,
"NLD","HEALTHEXP","TOT","USD_CAP","A","1983",906.974,
"NLD","HEALTHEXP","TOT","USD_CAP","A","1984",941.224,
"NLD","HEALTHEXP","TOT","USD_CAP","A","1985",977.443,
"NLD","HEALTHEXP","TOT","USD_CAP","A","1986",1035.491,
"NLD","HEALTHEXP","TOT","USD_CAP","A","1987",1087.247,
"NLD","HEALTHEXP","TOT","USD_CAP","A","1988",1146.375,
"NLD","HEALTHEXP","TOT","USD_CAP","A","1989",1269.523,
"NLD","HEALTHEXP","TOT","USD_CAP","A","1990",1399.987,
"NLD","HEALTHEXP","TOT","USD_CAP","A","1991",1500.763,
"NLD","HEALTHEXP","TOT","USD_CAP","A","1992",1587.969,
"NLD","HEALTHEXP","TOT","USD_CAP","A","1993",1649.433,
"NLD","HEALTHEXP","TOT","USD_CAP","A","1994",1690.022,
"NLD","HEALTHEXP","TOT","USD_CAP","A","1995",1748.653,
"NLD","HEALTHEXP","TOT","USD_CAP","A","1996",1822.141,
"NLD","HEALTHEXP","TOT","USD_CAP","A","1997",1883.425,
"NLD","HEALTHEXP","TOT","USD_CAP","A","1998",2216.628,"B"
"NLD","HEALTHEXP","TOT","USD_CAP","A","1999",2372.03,
"NLD","HEALTHEXP","TOT","USD_CAP","A","2000",2647.462,
"NLD","HEALTHEXP","TOT","USD_CAP","A","2001",2883.082,
"NLD","HEALTHEXP","TOT","USD_CAP","A","2002",3296.97,
"NLD","HEALTHEXP","TOT","USD_CAP","A","2003",3308.866,
"NLD","HEALTHEXP","TOT","USD_CAP","A","2004",3494.765,
"NLD","HEALTHEXP","TOT","USD_CAP","A","2005",3583.435,
"NLD","HEALTHEXP","TOT","USD_CAP","A","2006",3829.774,
"NLD","HEALTHEXP","TOT","USD_CAP","A","2007",4076.875,
"NLD","HEALTHEXP","TOT","USD_CAP","A","2008",4378.362,
"NLD","HEALTHEXP","TOT","USD_CAP","A","2009",4433.601,
"NLD","HEALTHEXP","TOT","USD_CAP","A","2010",4474.53,
"NLD","HEALTHEXP","TOT","USD_CAP","A","2011",4567.378,
"NLD","HEALTHEXP","TOT","USD_CAP","A","2012",4782.333,
"NLD","HEALTHEXP","TOT","USD_CAP","A","2013",4923.912,
"NLD","HEALTHEXP","TOT","USD_CAP","A","2014",4934.568,
"NLD","HEALTHEXP","TOT","USD_CAP","A","2015",4927.104,
"NLD","HEALTHEXP","TOT","USD_CAP","A","2016",5095.836,
"NLD","HEALTHEXP","TOT","USD_CAP","A","2017",5253.774,
"NLD","HEALTHEXP","TOT","USD_CAP","A","2018",5482.27,
"NLD","HEALTHEXP","TOT","USD_CAP","A","2019",5643.59,
"NLD","HEALTHEXP","TOT","USD_CAP","A","2020",6192.982,
"NLD","HEALTHEXP","TOT","USD_CAP","A","2021",6739.052,
"NLD","HEALTHEXP","TOT","USD_CAP","A","2022",6729.134,"P"
"NZL","HEALTHEXP","TOT","USD_CAP","A","1970",215.232,
"NZL","HEALTHEXP","TOT","USD_CAP","A","1971",227.155,
"NZL","HEALTHEXP","TOT","USD_CAP","A","1972",252.413,
"NZL","HEALTHEXP","TOT","USD_CAP","A","1973",296.855,
"NZL","HEALTHEXP","TOT","USD_CAP","A","1974",356.185,
"NZL","HEALTHEXP","TOT","USD_CAP","A","1975",404.623,
"NZL","HEALTHEXP","TOT","USD_CAP","A","1976",405.967,
"NZL","HEALTHEXP","TOT","USD_CAP","A","1977",436.397,
"NZL","HEALTHEXP","TOT","USD_CAP","A","1978",503.71,
"NZL","HEALTHEXP","TOT","USD_CAP","A","1979",508.089,
"NZL","HEALTHEXP","TOT","USD_CAP","A","1980",500.307,
"NZL","HEALTHEXP","TOT","USD_CAP","A","1981",563.139,
"NZL","HEALTHEXP","TOT","USD_CAP","A","1982",595.608,
"NZL","HEALTHEXP","TOT","USD_CAP","A","1983",634.13,
"NZL","HEALTHEXP","TOT","USD_CAP","A","1984",644.193,
"NZL","HEALTHEXP","TOT","USD_CAP","A","1985",605.897,
"NZL","HEALTHEXP","TOT","USD_CAP","A","1986",666.359,
"NZL","HEALTHEXP","TOT","USD_CAP","A","1987",767.622,
"NZL","HEALTHEXP","TOT","USD_CAP","A","1988",884.715,
"NZL","HEALTHEXP","TOT","USD_CAP","A","1989",951.371,
"NZL","HEALTHEXP","TOT","USD_CAP","A","1990",1022.758,
"NZL","HEALTHEXP","TOT","USD_CAP","A","1991",1069.019,
"NZL","HEALTHEXP","TOT","USD_CAP","A","1992",1121.818,
"NZL","HEALTHEXP","TOT","USD_CAP","A","1993",1171.927,
"NZL","HEALTHEXP","TOT","USD_CAP","A","1994",1246.923,
"NZL","HEALTHEXP","TOT","USD_CAP","A","1995",1306.447,
"NZL","HEALTHEXP","TOT","USD_CAP","A","1996",1341.537,
"NZL","HEALTHEXP","TOT","USD_CAP","A","1997",1419.393,
"NZL","HEALTHEXP","TOT","USD_CAP","A","1998",1499.21,
"NZL","HEALTHEXP","TOT","USD_CAP","A","1999",1565.445,
"NZL","HEALTHEXP","TOT","USD_CAP","A","2000",1659.487,
"NZL","HEALTHEXP","TOT","USD_CAP","A","2001",1799.514,
"NZL","HEALTHEXP","TOT","USD_CAP","A","2002",1920.964,
"NZL","HEALTHEXP","TOT","USD_CAP","A","2003",1917.07,
"NZL","HEALTHEXP","TOT","USD_CAP","A","2004",2077.843,
"NZL","HEALTHEXP","TOT","USD_CAP","A","2005",2194.439,
"NZL","HEALTHEXP","TOT","USD_CAP","A","2006",2439.135,
"NZL","HEALTHEXP","TOT","USD_CAP","A","2007",2540.611,
"NZL","HEALTHEXP","TOT","USD_CAP","A","2008",2829.765,
"NZL","HEALTHEXP","TOT","USD_CAP","A","2009",2947.565,"P"
"NZL","HEALTHEXP","TOT","USD_CAP","A","2010",3042.696,"P"
"NZL","HEALTHEXP","TOT","USD_CAP","A","2011",3132.309,"P"
"NZL","HEALTHEXP","TOT","USD_CAP","A","2012",3240.034,"P"
"NZL","HEALTHEXP","TOT","USD_CAP","A","2013",3388.248,"P"
"NZL","HEALTHEXP","TOT","USD_CAP","A","2014",3490.835,"P"
"NZL","HEALTHEXP","TOT","USD_CAP","A","2015",3500.719,"P"
"NZL","HEALTHEXP","TOT","USD_CAP","A","2016",3732.589,"P"
"NZL","HEALTHEXP","TOT","USD_CAP","A","2017",3842.325,"P"
"NZL","HEALTHEXP","TOT","USD_CAP","A","2018",3913.078,"P"
"NZL","HEALTHEXP","TOT","USD_CAP","A","2019",4249.593,"E"
"NZL","HEALTHEXP","TOT","USD_CAP","A","2020",4469.383,"E"
"NZL","HEALTHEXP","TOT","USD_CAP","A","2021",4921.245,"E"
"NZL","HEALTHEXP","TOT","USD_CAP","A","2022",6060.93,"E"
"NOR","HEALTHEXP","TOT","USD_CAP","A","1970",154.229,
"NOR","HEALTHEXP","TOT","USD_CAP","A","1971",179.495,
"NOR","HEALTHEXP","TOT","USD_CAP","A","1972",208.148,
"NOR","HEALTHEXP","TOT","USD_CAP","A","1973",237.436,
"NOR","HEALTHEXP","TOT","USD_CAP","A","1974",273.161,
"NOR","HEALTHEXP","TOT","USD_CAP","A","1975",327.695,
"NOR","HEALTHEXP","TOT","USD_CAP","A","1976",368.994,
"NOR","HEALTHEXP","TOT","USD_CAP","A","1977",421.963,
"NOR","HEALTHEXP","TOT","USD_CAP","A","1978",503.217,
"NOR","HEALTHEXP","TOT","USD_CAP","A","1979",525.509,
"NOR","HEALTHEXP","TOT","USD_CAP","A","1980",608.152,
"NOR","HEALTHEXP","TOT","USD_CAP","A","1981",677.42,
"NOR","HEALTHEXP","TOT","USD_CAP","A","1982",736.7,
"NOR","HEALTHEXP","TOT","USD_CAP","A","1983",811.405,
"NOR","HEALTHEXP","TOT","USD_CAP","A","1984",839.519,
"NOR","HEALTHEXP","TOT","USD_CAP","A","1985",908.492,
"NOR","HEALTHEXP","TOT","USD_CAP","A","1986",966.06,
"NOR","HEALTHEXP","TOT","USD_CAP","A","1987",1037.617,
"NOR","HEALTHEXP","TOT","USD_CAP","A","1988",1082.646,
"NOR","HEALTHEXP","TOT","USD_CAP","A","1989",1114.748,
"NOR","HEALTHEXP","TOT","USD_CAP","A","1990",1361.085,
"NOR","HEALTHEXP","TOT","USD_CAP","A","1991",1481.429,
"NOR","HEALTHEXP","TOT","USD_CAP","A","1992",1556.714,
"NOR","HEALTHEXP","TOT","USD_CAP","A","1993",1605.399,"B"
"NOR","HEALTHEXP","TOT","USD_CAP","A","1994",1670.079,
"NOR","HEALTHEXP","TOT","USD_CAP","A","1995",1769.673,
"NOR","HEALTHEXP","TOT","USD_CAP","A","1996",1928.968,
"NOR","HEALTHEXP","TOT","USD_CAP","A","1997",2198.562,"B"
"NOR","HEALTHEXP","TOT","USD_CAP","A","1998",2367.504,
"NOR","HEALTHEXP","TOT","USD_CAP","A","1999",2518.86,
"NOR","HEALTHEXP","TOT","USD_CAP","A","2000",2793.777,
"NOR","HEALTHEXP","TOT","USD_CAP","A","2001",2938.351,"B"
"NOR","HEALTHEXP","TOT","USD_CAP","A","2002",3389.226,
"NOR","HEALTHEXP","TOT","USD_CAP","A","2003",3447.941,
"NOR","HEALTHEXP","TOT","USD_CAP","A","2004",3655.626,
"NOR","HEALTHEXP","TOT","USD_CAP","A","2005",3740.873,
"NOR","HEALTHEXP","TOT","USD_CAP","A","2006",3966.376,
"NOR","HEALTHEXP","TOT","USD_CAP","A","2007",4311.768,
"NOR","HEALTHEXP","TOT","USD_CAP","A","2008",4604.504,
"NOR","HEALTHEXP","TOT","USD_CAP","A","2009",4675.689,
"NOR","HEALTHEXP","TOT","USD_CAP","A","2010",4777.14,
"NOR","HEALTHEXP","TOT","USD_CAP","A","2011",4965.184,
"NOR","HEALTHEXP","TOT","USD_CAP","A","2012",5209.577,
"NOR","HEALTHEXP","TOT","USD_CAP","A","2013",5485.874,
"NOR","HEALTHEXP","TOT","USD_CAP","A","2014",5707.377,
"NOR","HEALTHEXP","TOT","USD_CAP","A","2015",5726.877,
"NOR","HEALTHEXP","TOT","USD_CAP","A","2016",5904.222,
"NOR","HEALTHEXP","TOT","USD_CAP","A","2017",6234.379,
"NOR","HEALTHEXP","TOT","USD_CAP","A","2018",6495.078,
"NOR","HEALTHEXP","TOT","USD_CAP","A","2019",6476.378,
"NOR","HEALTHEXP","TOT","USD_CAP","A","2020",6581.629,
"NOR","HEALTHEXP","TOT","USD_CAP","A","2021",7042.618,"P"
"NOR","HEALTHEXP","TOT","USD_CAP","A","2022",7771.165,"E"
"POL","HEALTHEXP","TOT","USD_CAP","A","1990",302.623,
"POL","HEALTHEXP","TOT","USD_CAP","A","1991",302.388,
"POL","HEALTHEXP","TOT","USD_CAP","A","1992",324.833,
"POL","HEALTHEXP","TOT","USD_CAP","A","1993",349.419,
"POL","HEALTHEXP","TOT","USD_CAP","A","1994",370.24,
"POL","HEALTHEXP","TOT","USD_CAP","A","1995",397.677,
"POL","HEALTHEXP","TOT","USD_CAP","A","1996",454.711,
"POL","HEALTHEXP","TOT","USD_CAP","A","1997",476.476,
"POL","HEALTHEXP","TOT","USD_CAP","A","1998",497.294,
"POL","HEALTHEXP","TOT","USD_CAP","A","1999",572.471,
"POL","HEALTHEXP","TOT","USD_CAP","A","2000",604.144,
"POL","HEALTHEXP","TOT","USD_CAP","A","2001",668.37,
"POL","HEALTHEXP","TOT","USD_CAP","A","2002",774.069,"B"
"POL","HEALTHEXP","TOT","USD_CAP","A","2003",781.579,
"POL","HEALTHEXP","TOT","USD_CAP","A","2004",837.525,
"POL","HEALTHEXP","TOT","USD_CAP","A","2005",834.605,
"POL","HEALTHEXP","TOT","USD_CAP","A","2006",903.406,
"POL","HEALTHEXP","TOT","USD_CAP","A","2007",1050.928,
"POL","HEALTHEXP","TOT","USD_CAP","A","2008",1222.748,
"POL","HEALTHEXP","TOT","USD_CAP","A","2009",1312.444,
"POL","HEALTHEXP","TOT","USD_CAP","A","2010",1423.409,"B"
"POL","HEALTHEXP","TOT","USD_CAP","A","2011",1496.615,
"POL","HEALTHEXP","TOT","USD_CAP","A","2012",1578.599,
"POL","HEALTHEXP","TOT","USD_CAP","A","2013",1670.783,
"POL","HEALTHEXP","TOT","USD_CAP","A","2014",1687.056,
"POL","HEALTHEXP","TOT","USD_CAP","A","2015",1818.883,
"POL","HEALTHEXP","TOT","USD_CAP","A","2016",1959.094,
"POL","HEALTHEXP","TOT","USD_CAP","A","2017",2062.735,
"POL","HEALTHEXP","TOT","USD_CAP","A","2018",2106.662,
"POL","HEALTHEXP","TOT","USD_CAP","A","2019",2232.347,
"POL","HEALTHEXP","TOT","USD_CAP","A","2020",2286.109,
"POL","HEALTHEXP","TOT","USD_CAP","A","2021",2522.435,
"POL","HEALTHEXP","TOT","USD_CAP","A","2022",2972.962,"P"
"PRT","HEALTHEXP","TOT","USD_CAP","A","1970",44.603,
"PRT","HEALTHEXP","TOT","USD_CAP","A","1971",54.359,
"PRT","HEALTHEXP","TOT","USD_CAP","A","1972",77.37,
"PRT","HEALTHEXP","TOT","USD_CAP","A","1973",97.447,
"PRT","HEALTHEXP","TOT","USD_CAP","A","1974",111.447,
"PRT","HEALTHEXP","TOT","USD_CAP","A","1975",149.609,
"PRT","HEALTHEXP","TOT","USD_CAP","A","1976",158.575,
"PRT","HEALTHEXP","TOT","USD_CAP","A","1977",158.057,
"PRT","HEALTHEXP","TOT","USD_CAP","A","1978",179.873,
"PRT","HEALTHEXP","TOT","USD_CAP","A","1979",191.184,
"PRT","HEALTHEXP","TOT","USD_CAP","A","1980",255.535,
"PRT","HEALTHEXP","TOT","USD_CAP","A","1981",289.173,
"PRT","HEALTHEXP","TOT","USD_CAP","A","1982",315.546,
"PRT","HEALTHEXP","TOT","USD_CAP","A","1983",309.161,
"PRT","HEALTHEXP","TOT","USD_CAP","A","1984",314.303,
"PRT","HEALTHEXP","TOT","USD_CAP","A","1985",371.664,
"PRT","HEALTHEXP","TOT","USD_CAP","A","1986",463.516,
"PRT","HEALTHEXP","TOT","USD_CAP","A","1987",495.002,
"PRT","HEALTHEXP","TOT","USD_CAP","A","1988",575.521,
"PRT","HEALTHEXP","TOT","USD_CAP","A","1989",578.368,
"PRT","HEALTHEXP","TOT","USD_CAP","A","1990",630.448,
"PRT","HEALTHEXP","TOT","USD_CAP","A","1991",734.165,
"PRT","HEALTHEXP","TOT","USD_CAP","A","1992",790.8,
"PRT","HEALTHEXP","TOT","USD_CAP","A","1993",823.992,
"PRT","HEALTHEXP","TOT","USD_CAP","A","1994",862.681,
"PRT","HEALTHEXP","TOT","USD_CAP","A","1995",1009.733,"B"
"PRT","HEALTHEXP","TOT","USD_CAP","A","1996",1085.917,
"PRT","HEALTHEXP","TOT","USD_CAP","A","1997",1144.369,
"PRT","HEALTHEXP","TOT","USD_CAP","A","1998",1194.221,
"PRT","HEALTHEXP","TOT","USD_CAP","A","1999",1319.759,
"PRT","HEALTHEXP","TOT","USD_CAP","A","2000",1642.936,"B"
"PRT","HEALTHEXP","TOT","USD_CAP","A","2001",1709.799,
"PRT","HEALTHEXP","TOT","USD_CAP","A","2002",1839.118,
"PRT","HEALTHEXP","TOT","USD_CAP","A","2003",1921.97,
"PRT","HEALTHEXP","TOT","USD_CAP","A","2004",2085.322,
"PRT","HEALTHEXP","TOT","USD_CAP","A","2005",2183.712,
"PRT","HEALTHEXP","TOT","USD_CAP","A","2006",2240.819,
"PRT","HEALTHEXP","TOT","USD_CAP","A","2007",2300.455,
"PRT","HEALTHEXP","TOT","USD_CAP","A","2008",2448.035,
"PRT","HEALTHEXP","TOT","USD_CAP","A","2009",2513.358,
"PRT","HEALTHEXP","TOT","USD_CAP","A","2010",2580.158,
"PRT","HEALTHEXP","TOT","USD_CAP","A","2011",2457.491,
"PRT","HEALTHEXP","TOT","USD_CAP","A","2012",2420.856,
"PRT","HEALTHEXP","TOT","USD_CAP","A","2013",2504.162,
"PRT","HEALTHEXP","TOT","USD_CAP","A","2014",2537.592,
"PRT","HEALTHEXP","TOT","USD_CAP","A","2015",2635.561,
"PRT","HEALTHEXP","TOT","USD_CAP","A","2016",2815.177,
"PRT","HEALTHEXP","TOT","USD_CAP","A","2017",2906.395,
"PRT","HEALTHEXP","TOT","USD_CAP","A","2018",3134.128,
"PRT","HEALTHEXP","TOT","USD_CAP","A","2019",3223.676,
"PRT","HEALTHEXP","TOT","USD_CAP","A","2020",3354.909,
"PRT","HEALTHEXP","TOT","USD_CAP","A","2021",3829.76,
"PRT","HEALTHEXP","TOT","USD_CAP","A","2022",4162.088,"P"
"SVK","HEALTHEXP","TOT","USD_CAP","A","1997",648.791,"D"
"SVK","HEALTHEXP","TOT","USD_CAP","A","1998",663.114,"D"
"SVK","HEALTHEXP","TOT","USD_CAP","A","1999",658.135,
"SVK","HEALTHEXP","TOT","USD_CAP","A","2000",690.474,
"SVK","HEALTHEXP","TOT","USD_CAP","A","2001",758.868,
"SVK","HEALTHEXP","TOT","USD_CAP","A","2002",868.625,
"SVK","HEALTHEXP","TOT","USD_CAP","A","2003",876.578,
"SVK","HEALTHEXP","TOT","USD_CAP","A","2004",1100.648,"B"
"SVK","HEALTHEXP","TOT","USD_CAP","A","2005",1191.447,"B"
"SVK","HEALTHEXP","TOT","USD_CAP","A","2006",1342.665,
"SVK","HEALTHEXP","TOT","USD_CAP","A","2007",1584.418,
"SVK","HEALTHEXP","TOT","USD_CAP","A","2008",1687.058,"B"
"SVK","HEALTHEXP","TOT","USD_CAP","A","2009",1809.132,
"SVK","HEALTHEXP","TOT","USD_CAP","A","2010",2011.258,
"SVK","HEALTHEXP","TOT","USD_CAP","A","2011",1974.761,
"SVK","HEALTHEXP","TOT","USD_CAP","A","2012",2097.401,"B"
"SVK","HEALTHEXP","TOT","USD_CAP","A","2013",2153.698,
"SVK","HEALTHEXP","TOT","USD_CAP","A","2014",2010.11,
"SVK","HEALTHEXP","TOT","USD_CAP","A","2015",2059.132,
"SVK","HEALTHEXP","TOT","USD_CAP","A","2016",2039.611,
"SVK","HEALTHEXP","TOT","USD_CAP","A","2017",1974.466,
"SVK","HEALTHEXP","TOT","USD_CAP","A","2018",2008.975,
"SVK","HEALTHEXP","TOT","USD_CAP","A","2019",2115.452,
"SVK","HEALTHEXP","TOT","USD_CAP","A","2020",2125.666,
"SVK","HEALTHEXP","TOT","USD_CAP","A","2021",2521.59,
"SVK","HEALTHEXP","TOT","USD_CAP","A","2022",2755.944,"E"
"ESP","HEALTHEXP","TOT","USD_CAP","A","1970",82.955,
"ESP","HEALTHEXP","TOT","USD_CAP","A","1971",102.157,
"ESP","HEALTHEXP","TOT","USD_CAP","A","1972",120.249,
"ESP","HEALTHEXP","TOT","USD_CAP","A","1973",132.68,
"ESP","HEALTHEXP","TOT","USD_CAP","A","1974",163.855,
"ESP","HEALTHEXP","TOT","USD_CAP","A","1975",185.557,
"ESP","HEALTHEXP","TOT","USD_CAP","A","1976",222.183,
"ESP","HEALTHEXP","TOT","USD_CAP","A","1977",252.866,
"ESP","HEALTHEXP","TOT","USD_CAP","A","1978",276.854,
"ESP","HEALTHEXP","TOT","USD_CAP","A","1979",296.83,
"ESP","HEALTHEXP","TOT","USD_CAP","A","1980",330.297,
"ESP","HEALTHEXP","TOT","USD_CAP","A","1981",360.758,
"ESP","HEALTHEXP","TOT","USD_CAP","A","1982",389.049,
"ESP","HEALTHEXP","TOT","USD_CAP","A","1983",420.609,
"ESP","HEALTHEXP","TOT","USD_CAP","A","1984",429.37,
"ESP","HEALTHEXP","TOT","USD_CAP","A","1985",444.876,
"ESP","HEALTHEXP","TOT","USD_CAP","A","1986",471.863,
"ESP","HEALTHEXP","TOT","USD_CAP","A","1987",521.903,
"ESP","HEALTHEXP","TOT","USD_CAP","A","1988",637.608,
"ESP","HEALTHEXP","TOT","USD_CAP","A","1989",713.201,
"ESP","HEALTHEXP","TOT","USD_CAP","A","1990",821.704,
"ESP","HEALTHEXP","TOT","USD_CAP","A","1991",898.666,
"ESP","HEALTHEXP","TOT","USD_CAP","A","1992",980.365,
"ESP","HEALTHEXP","TOT","USD_CAP","A","1993",1028.93,
"ESP","HEALTHEXP","TOT","USD_CAP","A","1994",1052.85,
"ESP","HEALTHEXP","TOT","USD_CAP","A","1995",1126.548,
"ESP","HEALTHEXP","TOT","USD_CAP","A","1996",1179.773,
"ESP","HEALTHEXP","TOT","USD_CAP","A","1997",1231.849,
"ESP","HEALTHEXP","TOT","USD_CAP","A","1998",1302.054,
"ESP","HEALTHEXP","TOT","USD_CAP","A","1999",1370.226,"B"
"ESP","HEALTHEXP","TOT","USD_CAP","A","2000",1524.076,
"ESP","HEALTHEXP","TOT","USD_CAP","A","2001",1635.587,
"ESP","HEALTHEXP","TOT","USD_CAP","A","2002",1803.5,
"ESP","HEALTHEXP","TOT","USD_CAP","A","2003",2015.047,
"ESP","HEALTHEXP","TOT","USD_CAP","A","2004",2123.064,
"ESP","HEALTHEXP","TOT","USD_CAP","A","2005",2212.465,
"ESP","HEALTHEXP","TOT","USD_CAP","A","2006",2394.239,
"ESP","HEALTHEXP","TOT","USD_CAP","A","2007",2484.716,
"ESP","HEALTHEXP","TOT","USD_CAP","A","2008",2671.937,
"ESP","HEALTHEXP","TOT","USD_CAP","A","2009",2743.475,
"ESP","HEALTHEXP","TOT","USD_CAP","A","2010",2737.508,
"ESP","HEALTHEXP","TOT","USD_CAP","A","2011",2733.945,
"ESP","HEALTHEXP","TOT","USD_CAP","A","2012",2728.146,
"ESP","HEALTHEXP","TOT","USD_CAP","A","2013",2764.122,
"ESP","HEALTHEXP","TOT","USD_CAP","A","2014",2857.671,
"ESP","HEALTHEXP","TOT","USD_CAP","A","2015",3019.529,
"ESP","HEALTHEXP","TOT","USD_CAP","A","2016",3148.656,
"ESP","HEALTHEXP","TOT","USD_CAP","A","2017",3317.92,
"ESP","HEALTHEXP","TOT","USD_CAP","A","2018",3427.322,
"ESP","HEALTHEXP","TOT","USD_CAP","A","2019",3528.382,
"ESP","HEALTHEXP","TOT","USD_CAP","A","2020",3715.968,
"ESP","HEALTHEXP","TOT","USD_CAP","A","2021",4086.783,
"ESP","HEALTHEXP","TOT","USD_CAP","A","2022",4431.858,"E"
"SWE","HEALTHEXP","TOT","USD_CAP","A","1970",272.052,
"SWE","HEALTHEXP","TOT","USD_CAP","A","1971",306.49,
"SWE","HEALTHEXP","TOT","USD_CAP","A","1972",331.467,
"SWE","HEALTHEXP","TOT","USD_CAP","A","1973",359.492,
"SWE","HEALTHEXP","TOT","USD_CAP","A","1974",420.151,
"SWE","HEALTHEXP","TOT","USD_CAP","A","1975",501.941,
"SWE","HEALTHEXP","TOT","USD_CAP","A","1976",560.537,
"SWE","HEALTHEXP","TOT","USD_CAP","A","1977",648.788,
"SWE","HEALTHEXP","TOT","USD_CAP","A","1978",694.669,
"SWE","HEALTHEXP","TOT","USD_CAP","A","1979",772.614,
"SWE","HEALTHEXP","TOT","USD_CAP","A","1980",898.269,
"SWE","HEALTHEXP","TOT","USD_CAP","A","1981",965.897,
"SWE","HEALTHEXP","TOT","USD_CAP","A","1982",1023.743,
"SWE","HEALTHEXP","TOT","USD_CAP","A","1983",1062.581,
"SWE","HEALTHEXP","TOT","USD_CAP","A","1984",1122.729,
"SWE","HEALTHEXP","TOT","USD_CAP","A","1985",1120.765,
"SWE","HEALTHEXP","TOT","USD_CAP","A","1986",1155.201,
"SWE","HEALTHEXP","TOT","USD_CAP","A","1987",1235.997,
"SWE","HEALTHEXP","TOT","USD_CAP","A","1988",1302.959,
"SWE","HEALTHEXP","TOT","USD_CAP","A","1989",1413.202,
"SWE","HEALTHEXP","TOT","USD_CAP","A","1990",1489.775,
"SWE","HEALTHEXP","TOT","USD_CAP","A","1991",1480.501,
"SWE","HEALTHEXP","TOT","USD_CAP","A","1992",1537.277,
"SWE","HEALTHEXP","TOT","USD_CAP","A","1993",1522.519,"B"
"SWE","HEALTHEXP","TOT","USD_CAP","A","1994",1519.052,
"SWE","HEALTHEXP","TOT","USD_CAP","A","1995",1594.73,
"SWE","HEALTHEXP","TOT","USD_CAP","A","1996",1691.128,
"SWE","HEALTHEXP","TOT","USD_CAP","A","1997",1709.883,
"SWE","HEALTHEXP","TOT","USD_CAP","A","1998",1808.561,
"SWE","HEALTHEXP","TOT","USD_CAP","A","1999",1959.359,
"SWE","HEALTHEXP","TOT","USD_CAP","A","2000",2196.099,
"SWE","HEALTHEXP","TOT","USD_CAP","A","2001",2399.536,
"SWE","HEALTHEXP","TOT","USD_CAP","A","2002",2637.445,
"SWE","HEALTHEXP","TOT","USD_CAP","A","2003",2675.912,
"SWE","HEALTHEXP","TOT","USD_CAP","A","2004",2773.003,
"SWE","HEALTHEXP","TOT","USD_CAP","A","2005",2810.705,
"SWE","HEALTHEXP","TOT","USD_CAP","A","2006",3010.123,
"SWE","HEALTHEXP","TOT","USD_CAP","A","2007",3225.832,
"SWE","HEALTHEXP","TOT","USD_CAP","A","2008",3415.036,
"SWE","HEALTHEXP","TOT","USD_CAP","A","2009",3451.078,
"SWE","HEALTHEXP","TOT","USD_CAP","A","2010",3431.157,
"SWE","HEALTHEXP","TOT","USD_CAP","A","2011",4459.517,"B"
"SWE","HEALTHEXP","TOT","USD_CAP","A","2012",4679.65,
"SWE","HEALTHEXP","TOT","USD_CAP","A","2013",4731.983,
"SWE","HEALTHEXP","TOT","USD_CAP","A","2014",4865.516,
"SWE","HEALTHEXP","TOT","USD_CAP","A","2015",5004.13,
"SWE","HEALTHEXP","TOT","USD_CAP","A","2016",5127.577,
"SWE","HEALTHEXP","TOT","USD_CAP","A","2017",5219.411,
"SWE","HEALTHEXP","TOT","USD_CAP","A","2018",5419.273,
"SWE","HEALTHEXP","TOT","USD_CAP","A","2019",5387.733,
"SWE","HEALTHEXP","TOT","USD_CAP","A","2020",5733.534,
"SWE","HEALTHEXP","TOT","USD_CAP","A","2021",6227.612,"P"
"SWE","HEALTHEXP","TOT","USD_CAP","A","2022",6437.692,"P"
"CHE","HEALTHEXP","TOT","USD_CAP","A","1970",326.524,
"CHE","HEALTHEXP","TOT","USD_CAP","A","1971",376.997,
"CHE","HEALTHEXP","TOT","USD_CAP","A","1972",405.847,
"CHE","HEALTHEXP","TOT","USD_CAP","A","1973",440.605,
"CHE","HEALTHEXP","TOT","USD_CAP","A","1974",508.283,
"CHE","HEALTHEXP","TOT","USD_CAP","A","1975",585.067,
"CHE","HEALTHEXP","TOT","USD_CAP","A","1976",636.796,
"CHE","HEALTHEXP","TOT","USD_CAP","A","1977",690.441,
"CHE","HEALTHEXP","TOT","USD_CAP","A","1978",764.246,
"CHE","HEALTHEXP","TOT","USD_CAP","A","1979",843.331,
"CHE","HEALTHEXP","TOT","USD_CAP","A","1980",960.567,
"CHE","HEALTHEXP","TOT","USD_CAP","A","1981",1068.338,
"CHE","HEALTHEXP","TOT","USD_CAP","A","1982",1146.744,
"CHE","HEALTHEXP","TOT","USD_CAP","A","1983",1252.064,
"CHE","HEALTHEXP","TOT","USD_CAP","A","1984",1300.9,
"CHE","HEALTHEXP","TOT","USD_CAP","A","1985",1487.125,
"CHE","HEALTHEXP","TOT","USD_CAP","A","1986",1601.171,
"CHE","HEALTHEXP","TOT","USD_CAP","A","1987",1720.506,
"CHE","HEALTHEXP","TOT","USD_CAP","A","1988",1856.814,
"CHE","HEALTHEXP","TOT","USD_CAP","A","1989",2018.304,
"CHE","HEALTHEXP","TOT","USD_CAP","A","1990",2136.023,
"CHE","HEALTHEXP","TOT","USD_CAP","A","1991",2334.495,
"CHE","HEALTHEXP","TOT","USD_CAP","A","1992",2434.099,
"CHE","HEALTHEXP","TOT","USD_CAP","A","1993",2492.24,
"CHE","HEALTHEXP","TOT","USD_CAP","A","1994",2626.43,
"CHE","HEALTHEXP","TOT","USD_CAP","A","1995",2611.094,"B"
"CHE","HEALTHEXP","TOT","USD_CAP","A","1996",2766.524,
"CHE","HEALTHEXP","TOT","USD_CAP","A","1997",2873.708,
"CHE","HEALTHEXP","TOT","USD_CAP","A","1998",2989.468,
"CHE","HEALTHEXP","TOT","USD_CAP","A","1999",3103.729,
"CHE","HEALTHEXP","TOT","USD_CAP","A","2000",3326.318,
"CHE","HEALTHEXP","TOT","USD_CAP","A","2001",3554.272,
"CHE","HEALTHEXP","TOT","USD_CAP","A","2002",3887.068,
"CHE","HEALTHEXP","TOT","USD_CAP","A","2003",3915.233,
"CHE","HEALTHEXP","TOT","USD_CAP","A","2004",4108.005,
"CHE","HEALTHEXP","TOT","USD_CAP","A","2005",4106.058,
"CHE","HEALTHEXP","TOT","USD_CAP","A","2006",4234.52,
"CHE","HEALTHEXP","TOT","USD_CAP","A","2007",4597.308,
"CHE","HEALTHEXP","TOT","USD_CAP","A","2008",4905.058,
"CHE","HEALTHEXP","TOT","USD_CAP","A","2009",5059.23,
"CHE","HEALTHEXP","TOT","USD_CAP","A","2010",5046.462,
"CHE","HEALTHEXP","TOT","USD_CAP","A","2011",5228.913,
"CHE","HEALTHEXP","TOT","USD_CAP","A","2012",5463.4,
"CHE","HEALTHEXP","TOT","USD_CAP","A","2013",5823.259,
"CHE","HEALTHEXP","TOT","USD_CAP","A","2014",5984.648,
"CHE","HEALTHEXP","TOT","USD_CAP","A","2015",6258.916,
"CHE","HEALTHEXP","TOT","USD_CAP","A","2016",6547.904,
"CHE","HEALTHEXP","TOT","USD_CAP","A","2017",6518.816,
"CHE","HEALTHEXP","TOT","USD_CAP","A","2018",6601.596,
"CHE","HEALTHEXP","TOT","USD_CAP","A","2019",6708.349,
"CHE","HEALTHEXP","TOT","USD_CAP","A","2020",7022.378,
"CHE","HEALTHEXP","TOT","USD_CAP","A","2021",7582.184,
"CHE","HEALTHEXP","TOT","USD_CAP","A","2022",8049.11,"E"
"TUR","HEALTHEXP","TOT","USD_CAP","A","1975",41.765,"D"
"TUR","HEALTHEXP","TOT","USD_CAP","A","1976",37.807,"D"
"TUR","HEALTHEXP","TOT","USD_CAP","A","1977",55.541,"D"
"TUR","HEALTHEXP","TOT","USD_CAP","A","1978",61.946,"D"
"TUR","HEALTHEXP","TOT","USD_CAP","A","1979",68.975,"D"
"TUR","HEALTHEXP","TOT","USD_CAP","A","1980",73.429,"D"
"TUR","HEALTHEXP","TOT","USD_CAP","A","1981",90.39,"D"
"TUR","HEALTHEXP","TOT","USD_CAP","A","1982",80.066,"D"
"TUR","HEALTHEXP","TOT","USD_CAP","A","1983",88.742,"D"
"TUR","HEALTHEXP","TOT","USD_CAP","A","1984",91.92,"D"
"TUR","HEALTHEXP","TOT","USD_CAP","A","1985",69.653,
"TUR","HEALTHEXP","TOT","USD_CAP","A","1986",96.084,
"TUR","HEALTHEXP","TOT","USD_CAP","A","1987",99.289,
"TUR","HEALTHEXP","TOT","USD_CAP","A","1988",119.794,
"TUR","HEALTHEXP","TOT","USD_CAP","A","1989",128.545,
"TUR","HEALTHEXP","TOT","USD_CAP","A","1990",152.481,
"TUR","HEALTHEXP","TOT","USD_CAP","A","1991",175.396,"D"
"TUR","HEALTHEXP","TOT","USD_CAP","A","1992",182.732,"D"
"TUR","HEALTHEXP","TOT","USD_CAP","A","1993",197.035,"D"
"TUR","HEALTHEXP","TOT","USD_CAP","A","1994",179.596,"D"
"TUR","HEALTHEXP","TOT","USD_CAP","A","1995",175.472,"D"
"TUR","HEALTHEXP","TOT","USD_CAP","A","1996",231.057,"D"
"TUR","HEALTHEXP","TOT","USD_CAP","A","1997",266.497,"D"
"TUR","HEALTHEXP","TOT","USD_CAP","A","1998",299.802,"D"
"TUR","HEALTHEXP","TOT","USD_CAP","A","1999",369.102,"B"
"TUR","HEALTHEXP","TOT","USD_CAP","A","2000",432.043,
"TUR","HEALTHEXP","TOT","USD_CAP","A","2001",472.841,
"TUR","HEALTHEXP","TOT","USD_CAP","A","2002",519.978,
"TUR","HEALTHEXP","TOT","USD_CAP","A","2003",509.726,
"TUR","HEALTHEXP","TOT","USD_CAP","A","2004",558.587,
"TUR","HEALTHEXP","TOT","USD_CAP","A","2005",588.128,
"TUR","HEALTHEXP","TOT","USD_CAP","A","2006",678.161,
"TUR","HEALTHEXP","TOT","USD_CAP","A","2007",733.361,
"TUR","HEALTHEXP","TOT","USD_CAP","A","2008",807.052,
"TUR","HEALTHEXP","TOT","USD_CAP","A","2009",815.071,
"TUR","HEALTHEXP","TOT","USD_CAP","A","2010",843.633,
"TUR","HEALTHEXP","TOT","USD_CAP","A","2011",888.309,
"TUR","HEALTHEXP","TOT","USD_CAP","A","2012",894.741,
"TUR","HEALTHEXP","TOT","USD_CAP","A","2013",947.74,
"TUR","HEALTHEXP","TOT","USD_CAP","A","2014",1006.772,
"TUR","HEALTHEXP","TOT","USD_CAP","A","2015",1040.108,
"TUR","HEALTHEXP","TOT","USD_CAP","A","2016",1128.754,
"TUR","HEALTHEXP","TOT","USD_CAP","A","2017",1175.655,
"TUR","HEALTHEXP","TOT","USD_CAP","A","2018",1205.305,
"TUR","HEALTHEXP","TOT","USD_CAP","A","2019",1231.634,
"TUR","HEALTHEXP","TOT","USD_CAP","A","2020",1304.709,
"TUR","HEALTHEXP","TOT","USD_CAP","A","2021",1559.535,
"TUR","HEALTHEXP","TOT","USD_CAP","A","2022",1827.482,"E"
"GBR","HEALTHEXP","TOT","USD_CAP","A","1970",123.993,
"GBR","HEALTHEXP","TOT","USD_CAP","A","1971",134.172,
"GBR","HEALTHEXP","TOT","USD_CAP","A","1972",147.759,
"GBR","HEALTHEXP","TOT","USD_CAP","A","1973",162.33,
"GBR","HEALTHEXP","TOT","USD_CAP","A","1974",196.733,
"GBR","HEALTHEXP","TOT","USD_CAP","A","1975",225.42,
"GBR","HEALTHEXP","TOT","USD_CAP","A","1976",244.564,
"GBR","HEALTHEXP","TOT","USD_CAP","A","1977",260.811,
"GBR","HEALTHEXP","TOT","USD_CAP","A","1978",291.997,
"GBR","HEALTHEXP","TOT","USD_CAP","A","1979",326.314,
"GBR","HEALTHEXP","TOT","USD_CAP","A","1980",385.099,
"GBR","HEALTHEXP","TOT","USD_CAP","A","1981",433.957,
"GBR","HEALTHEXP","TOT","USD_CAP","A","1982",448.477,
"GBR","HEALTHEXP","TOT","USD_CAP","A","1983",501.924,
"GBR","HEALTHEXP","TOT","USD_CAP","A","1984",521.522,
"GBR","HEALTHEXP","TOT","USD_CAP","A","1985",549.608,
"GBR","HEALTHEXP","TOT","USD_CAP","A","1986",578.61,
"GBR","HEALTHEXP","TOT","USD_CAP","A","1987",634.956,
"GBR","HEALTHEXP","TOT","USD_CAP","A","1988",688.049,
"GBR","HEALTHEXP","TOT","USD_CAP","A","1989",739.714,
"GBR","HEALTHEXP","TOT","USD_CAP","A","1990",782.612,
"GBR","HEALTHEXP","TOT","USD_CAP","A","1991",842.797,
"GBR","HEALTHEXP","TOT","USD_CAP","A","1992",930.701,
"GBR","HEALTHEXP","TOT","USD_CAP","A","1993",995.728,
"GBR","HEALTHEXP","TOT","USD_CAP","A","1994",1058.68,
"GBR","HEALTHEXP","TOT","USD_CAP","A","1995",1094.034,
"GBR","HEALTHEXP","TOT","USD_CAP","A","1996",1171.591,
"GBR","HEALTHEXP","TOT","USD_CAP","A","1997",1494.202,"B"
"GBR","HEALTHEXP","TOT","USD_CAP","A","1998",1550.912,
"GBR","HEALTHEXP","TOT","USD_CAP","A","1999",1654.57,
"GBR","HEALTHEXP","TOT","USD_CAP","A","2000",1875.94,
"GBR","HEALTHEXP","TOT","USD_CAP","A","2001",2079.033,
"GBR","HEALTHEXP","TOT","USD_CAP","A","2002",2325.329,
"GBR","HEALTHEXP","TOT","USD_CAP","A","2003",2442.353,
"GBR","HEALTHEXP","TOT","USD_CAP","A","2004",2701.712,
"GBR","HEALTHEXP","TOT","USD_CAP","A","2005",2707.551,
"GBR","HEALTHEXP","TOT","USD_CAP","A","2006",2892.576,
"GBR","HEALTHEXP","TOT","USD_CAP","A","2007",3032.257,
"GBR","HEALTHEXP","TOT","USD_CAP","A","2008",3180.346,
"GBR","HEALTHEXP","TOT","USD_CAP","A","2009",3235.89,
"GBR","HEALTHEXP","TOT","USD_CAP","A","2010",3356.722,
"GBR","HEALTHEXP","TOT","USD_CAP","A","2011",3417.286,
"GBR","HEALTHEXP","TOT","USD_CAP","A","2012",3554.06,
"GBR","HEALTHEXP","TOT","USD_CAP","A","2013",3656.895,
"GBR","HEALTHEXP","TOT","USD_CAP","A","2014",3745.749,
"GBR","HEALTHEXP","TOT","USD_CAP","A","2015",3794.577,
"GBR","HEALTHEXP","TOT","USD_CAP","A","2016",3940.069,
"GBR","HEALTHEXP","TOT","USD_CAP","A","2017",4038.964,
"GBR","HEALTHEXP","TOT","USD_CAP","A","2018",4188.275,
"GBR","HEALTHEXP","TOT","USD_CAP","A","2019",4389.038,
"GBR","HEALTHEXP","TOT","USD_CAP","A","2020",4997.928,
"GBR","HEALTHEXP","TOT","USD_CAP","A","2021",5466.568,
"GBR","HEALTHEXP","TOT","USD_CAP","A","2022",5492.642,"P"
"USA","HEALTHEXP","TOT","USD_CAP","A","1970",326.961,
"USA","HEALTHEXP","TOT","USD_CAP","A","1971",357.988,
"USA","HEALTHEXP","TOT","USD_CAP","A","1972",397.097,
"USA","HEALTHEXP","TOT","USD_CAP","A","1973",439.302,
"USA","HEALTHEXP","TOT","USD_CAP","A","1974",495.114,
"USA","HEALTHEXP","TOT","USD_CAP","A","1975",560.75,
"USA","HEALTHEXP","TOT","USD_CAP","A","1976",638.851,
"USA","HEALTHEXP","TOT","USD_CAP","A","1977",726.241,
"USA","HEALTHEXP","TOT","USD_CAP","A","1978",808.884,
"USA","HEALTHEXP","TOT","USD_CAP","A","1979",908.963,
"USA","HEALTHEXP","TOT","USD_CAP","A","1980",1036.3,
"USA","HEALTHEXP","TOT","USD_CAP","A","1981",1191.537,
"USA","HEALTHEXP","TOT","USD_CAP","A","1982",1329.669,
"USA","HEALTHEXP","TOT","USD_CAP","A","1983",1451.945,
"USA","HEALTHEXP","TOT","USD_CAP","A","1984",1590.667,
"USA","HEALTHEXP","TOT","USD_CAP","A","1985",1735.156,
"USA","HEALTHEXP","TOT","USD_CAP","A","1986",1847.773,
"USA","HEALTHEXP","TOT","USD_CAP","A","1987",1976.166,
"USA","HEALTHEXP","TOT","USD_CAP","A","1988",2195.392,
"USA","HEALTHEXP","TOT","USD_CAP","A","1989",2424.654,
"USA","HEALTHEXP","TOT","USD_CAP","A","1990",2684.748,
"USA","HEALTHEXP","TOT","USD_CAP","A","1991",2901.082,
"USA","HEALTHEXP","TOT","USD_CAP","A","1992",3099.619,
"USA","HEALTHEXP","TOT","USD_CAP","A","1993",3285.597,
"USA","HEALTHEXP","TOT","USD_CAP","A","1994",3430.917,
"USA","HEALTHEXP","TOT","USD_CAP","A","1995",3585.397,
"USA","HEALTHEXP","TOT","USD_CAP","A","1996",3736.053,
"USA","HEALTHEXP","TOT","USD_CAP","A","1997",3892.555,
"USA","HEALTHEXP","TOT","USD_CAP","A","1998",4059.751,
"USA","HEALTHEXP","TOT","USD_CAP","A","1999",4260.345,
"USA","HEALTHEXP","TOT","USD_CAP","A","2000",4537.621,
"USA","HEALTHEXP","TOT","USD_CAP","A","2001",4889.798,
"USA","HEALTHEXP","TOT","USD_CAP","A","2002",5317.892,
"USA","HEALTHEXP","TOT","USD_CAP","A","2003",5728.266,
"USA","HEALTHEXP","TOT","USD_CAP","A","2004",6071.418,
"USA","HEALTHEXP","TOT","USD_CAP","A","2005",6432.923,
"USA","HEALTHEXP","TOT","USD_CAP","A","2006",6810.427,
"USA","HEALTHEXP","TOT","USD_CAP","A","2007",7168.252,
"USA","HEALTHEXP","TOT","USD_CAP","A","2008",7386.136,
"USA","HEALTHEXP","TOT","USD_CAP","A","2009",7645.881,
"USA","HEALTHEXP","TOT","USD_CAP","A","2010",7880.037,
"USA","HEALTHEXP","TOT","USD_CAP","A","2011",8080.629,
"USA","HEALTHEXP","TOT","USD_CAP","A","2012",8347.491,
"USA","HEALTHEXP","TOT","USD_CAP","A","2013",8522.161,
"USA","HEALTHEXP","TOT","USD_CAP","A","2014",8929.621,
"USA","HEALTHEXP","TOT","USD_CAP","A","2015",9360.496,
"USA","HEALTHEXP","TOT","USD_CAP","A","2016",9722.862,
"USA","HEALTHEXP","TOT","USD_CAP","A","2017",10045.033,
"USA","HEALTHEXP","TOT","USD_CAP","A","2018",10447.293,
"USA","HEALTHEXP","TOT","USD_CAP","A","2019",10852.838,
"USA","HEALTHEXP","TOT","USD_CAP","A","2020",11915.945,
"USA","HEALTHEXP","TOT","USD_CAP","A","2021",12196.966,
"USA","HEALTHEXP","TOT","USD_CAP","A","2022",12555.264,"E"
"CHL","HEALTHEXP","TOT","USD_CAP","A","2000",589.912,
"CHL","HEALTHEXP","TOT","USD_CAP","A","2001",619.932,
"CHL","HEALTHEXP","TOT","USD_CAP","A","2002",651.632,
"CHL","HEALTHEXP","TOT","USD_CAP","A","2003",706.546,
"CHL","HEALTHEXP","TOT","USD_CAP","A","2004",766.318,
"CHL","HEALTHEXP","TOT","USD_CAP","A","2005",810.691,
"CHL","HEALTHEXP","TOT","USD_CAP","A","2006",959.483,
"CHL","HEALTHEXP","TOT","USD_CAP","A","2007",1060.721,
"CHL","HEALTHEXP","TOT","USD_CAP","A","2008",1129.411,
"CHL","HEALTHEXP","TOT","USD_CAP","A","2009",1310.57,
"CHL","HEALTHEXP","TOT","USD_CAP","A","2010",1254.254,
"CHL","HEALTHEXP","TOT","USD_CAP","A","2011",1355.452,
"CHL","HEALTHEXP","TOT","USD_CAP","A","2012",1485.284,
"CHL","HEALTHEXP","TOT","USD_CAP","A","2013",1658.112,
"CHL","HEALTHEXP","TOT","USD_CAP","A","2014",1754.988,
"CHL","HEALTHEXP","TOT","USD_CAP","A","2015",1833.552,
"CHL","HEALTHEXP","TOT","USD_CAP","A","2016",1941.256,
"CHL","HEALTHEXP","TOT","USD_CAP","A","2017",2119.552,
"CHL","HEALTHEXP","TOT","USD_CAP","A","2018",2281.148,
"CHL","HEALTHEXP","TOT","USD_CAP","A","2019",2296.988,
"CHL","HEALTHEXP","TOT","USD_CAP","A","2020",2417.384,
"CHL","HEALTHEXP","TOT","USD_CAP","A","2021",2677.127,
"CHL","HEALTHEXP","TOT","USD_CAP","A","2022",2699.394,"P"
"EST","HEALTHEXP","TOT","USD_CAP","A","1999",510.2,
"EST","HEALTHEXP","TOT","USD_CAP","A","2000",543.022,
"EST","HEALTHEXP","TOT","USD_CAP","A","2001",545.217,
"EST","HEALTHEXP","TOT","USD_CAP","A","2002",624.72,
"EST","HEALTHEXP","TOT","USD_CAP","A","2003",740.346,
"EST","HEALTHEXP","TOT","USD_CAP","A","2004",848.862,
"EST","HEALTHEXP","TOT","USD_CAP","A","2005",931.229,
"EST","HEALTHEXP","TOT","USD_CAP","A","2006",988.245,
"EST","HEALTHEXP","TOT","USD_CAP","A","2007",1183.964,
"EST","HEALTHEXP","TOT","USD_CAP","A","2008",1345.947,
"EST","HEALTHEXP","TOT","USD_CAP","A","2009",1366.542,
"EST","HEALTHEXP","TOT","USD_CAP","A","2010",1421.986,
"EST","HEALTHEXP","TOT","USD_CAP","A","2011",1466.12,
"EST","HEALTHEXP","TOT","USD_CAP","A","2012",1583.048,
"EST","HEALTHEXP","TOT","USD_CAP","A","2013",1707.913,
"EST","HEALTHEXP","TOT","USD_CAP","A","2014",1821.238,
"EST","HEALTHEXP","TOT","USD_CAP","A","2015",1940.411,
"EST","HEALTHEXP","TOT","USD_CAP","A","2016",2096.544,
"EST","HEALTHEXP","TOT","USD_CAP","A","2017",2201.474,
"EST","HEALTHEXP","TOT","USD_CAP","A","2018",2364.073,
"EST","HEALTHEXP","TOT","USD_CAP","A","2019",2453.074,
"EST","HEALTHEXP","TOT","USD_CAP","A","2020",2731.011,
"EST","HEALTHEXP","TOT","USD_CAP","A","2021",3073.593,
"EST","HEALTHEXP","TOT","USD_CAP","A","2022",3102.516,"P"
"ISR","HEALTHEXP","TOT","USD_CAP","A","1995",1162.432,
"ISR","HEALTHEXP","TOT","USD_CAP","A","1996",1254.45,
"ISR","HEALTHEXP","TOT","USD_CAP","A","1997",1342.111,
"ISR","HEALTHEXP","TOT","USD_CAP","A","1998",1383.091,
"ISR","HEALTHEXP","TOT","USD_CAP","A","1999",1369.363,
"ISR","HEALTHEXP","TOT","USD_CAP","A","2000",1550.05,
"ISR","HEALTHEXP","TOT","USD_CAP","A","2001",1653.106,
"ISR","HEALTHEXP","TOT","USD_CAP","A","2002",1691.502,
"ISR","HEALTHEXP","TOT","USD_CAP","A","2003",1634.415,
"ISR","HEALTHEXP","TOT","USD_CAP","A","2004",1708.117,
"ISR","HEALTHEXP","TOT","USD_CAP","A","2005",1756.34,
"ISR","HEALTHEXP","TOT","USD_CAP","A","2006",1744.395,"B"
"ISR","HEALTHEXP","TOT","USD_CAP","A","2007",1853.597,
"ISR","HEALTHEXP","TOT","USD_CAP","A","2008",1839.047,
"ISR","HEALTHEXP","TOT","USD_CAP","A","2009",1909.353,
"ISR","HEALTHEXP","TOT","USD_CAP","A","2010",1970.907,
"ISR","HEALTHEXP","TOT","USD_CAP","A","2011",2081.778,
"ISR","HEALTHEXP","TOT","USD_CAP","A","2012",2223.345,
"ISR","HEALTHEXP","TOT","USD_CAP","A","2013",2238.455,
"ISR","HEALTHEXP","TOT","USD_CAP","A","2014",2237.584,
"ISR","HEALTHEXP","TOT","USD_CAP","A","2015",2310.019,
"ISR","HEALTHEXP","TOT","USD_CAP","A","2016",2524.083,
"ISR","HEALTHEXP","TOT","USD_CAP","A","2017",2626.181,
"ISR","HEALTHEXP","TOT","USD_CAP","A","2018",2748.975,
"ISR","HEALTHEXP","TOT","USD_CAP","A","2019",2709.984,
"ISR","HEALTHEXP","TOT","USD_CAP","A","2020",2875.281,"P"
"ISR","HEALTHEXP","TOT","USD_CAP","A","2021",3258.018,
"ISR","HEALTHEXP","TOT","USD_CAP","A","2022",3444.392,"E"
"SVN","HEALTHEXP","TOT","USD_CAP","A","2000",1464.05,"E"
"SVN","HEALTHEXP","TOT","USD_CAP","A","2001",1553.962,"E"
"SVN","HEALTHEXP","TOT","USD_CAP","A","2002",1736.558,
"SVN","HEALTHEXP","TOT","USD_CAP","A","2003",1786.405,
"SVN","HEALTHEXP","TOT","USD_CAP","A","2004",1857.808,
"SVN","HEALTHEXP","TOT","USD_CAP","A","2005",1900.012,
"SVN","HEALTHEXP","TOT","USD_CAP","A","2006",1986.585,
"SVN","HEALTHEXP","TOT","USD_CAP","A","2007",2066.021,
"SVN","HEALTHEXP","TOT","USD_CAP","A","2008",2297.536,
"SVN","HEALTHEXP","TOT","USD_CAP","A","2009",2265.733,
"SVN","HEALTHEXP","TOT","USD_CAP","A","2010",2319.451,
"SVN","HEALTHEXP","TOT","USD_CAP","A","2011",2376.637,
"SVN","HEALTHEXP","TOT","USD_CAP","A","2012",2431.003,
"SVN","HEALTHEXP","TOT","USD_CAP","A","2013",2495.279,
"SVN","HEALTHEXP","TOT","USD_CAP","A","2014",2499.108,"B"
"SVN","HEALTHEXP","TOT","USD_CAP","A","2015",2579.281,
"SVN","HEALTHEXP","TOT","USD_CAP","A","2016",2738.221,
"SVN","HEALTHEXP","TOT","USD_CAP","A","2017",2832.649,
"SVN","HEALTHEXP","TOT","USD_CAP","A","2018",3045.106,
"SVN","HEALTHEXP","TOT","USD_CAP","A","2019",3221.895,
"SVN","HEALTHEXP","TOT","USD_CAP","A","2020",3474.147,
"SVN","HEALTHEXP","TOT","USD_CAP","A","2021",3884.819,
"SVN","HEALTHEXP","TOT","USD_CAP","A","2022",4113.818,"P"
"BRA","HEALTHEXP","TOT","USD_CAP","A","2011",1178.694,
"BRA","HEALTHEXP","TOT","USD_CAP","A","2012",1222.604,
"BRA","HEALTHEXP","TOT","USD_CAP","A","2013",1299.214,
"BRA","HEALTHEXP","TOT","USD_CAP","A","2014",1376.439,
"BRA","HEALTHEXP","TOT","USD_CAP","A","2015",1360.799,
"BRA","HEALTHEXP","TOT","USD_CAP","A","2016",1339.996,
"BRA","HEALTHEXP","TOT","USD_CAP","A","2017",1391.372,
"BRA","HEALTHEXP","TOT","USD_CAP","A","2018",1437.449,
"BRA","HEALTHEXP","TOT","USD_CAP","A","2019",1497.734,
"BRA","HEALTHEXP","TOT","USD_CAP","A","2020",1572.708,
"CHN","HEALTHEXP","TOT","USD_CAP","A","2011",444.997,
"CHN","HEALTHEXP","TOT","USD_CAP","A","2012",515.385,
"CHN","HEALTHEXP","TOT","USD_CAP","A","2013",568.102,
"CHN","HEALTHEXP","TOT","USD_CAP","A","2014",601.645,
"CHN","HEALTHEXP","TOT","USD_CAP","A","2015",641.134,
"CHN","HEALTHEXP","TOT","USD_CAP","A","2016",673.891,
"CHN","HEALTHEXP","TOT","USD_CAP","A","2017",735.94,
"CHN","HEALTHEXP","TOT","USD_CAP","A","2018",816.619,
"CHN","HEALTHEXP","TOT","USD_CAP","A","2019",901.854,
"CHN","HEALTHEXP","TOT","USD_CAP","A","2020",978.788,
"COL","HEALTHEXP","TOT","USD_CAP","A","2011",791.69,
"COL","HEALTHEXP","TOT","USD_CAP","A","2012",838.282,
"COL","HEALTHEXP","TOT","USD_CAP","A","2013",925.428,
"COL","HEALTHEXP","TOT","USD_CAP","A","2014",987.342,
"COL","HEALTHEXP","TOT","USD_CAP","A","2015",1035.02,
"COL","HEALTHEXP","TOT","USD_CAP","A","2016",1101.628,
"COL","HEALTHEXP","TOT","USD_CAP","A","2017",1139.442,
"COL","HEALTHEXP","TOT","USD_CAP","A","2018",1191.885,
"COL","HEALTHEXP","TOT","USD_CAP","A","2019",1239.66,
"COL","HEALTHEXP","TOT","USD_CAP","A","2020",1293.223,
"COL","HEALTHEXP","TOT","USD_CAP","A","2021",1532.348,
"COL","HEALTHEXP","TOT","USD_CAP","A","2022",1639.872,"E"
"IND","HEALTHEXP","TOT","USD_CAP","A","2011",158.926,
"IND","HEALTHEXP","TOT","USD_CAP","A","2012",177.422,
"IND","HEALTHEXP","TOT","USD_CAP","A","2013",206.486,
"IND","HEALTHEXP","TOT","USD_CAP","A","2014",207.003,
"IND","HEALTHEXP","TOT","USD_CAP","A","2015",213.974,
"IND","HEALTHEXP","TOT","USD_CAP","A","2016",221.958,
"IND","HEALTHEXP","TOT","USD_CAP","A","2017",195.432,
"IND","HEALTHEXP","TOT","USD_CAP","A","2018",205.465,
"IND","HEALTHEXP","TOT","USD_CAP","A","2019",219.575,
"IND","HEALTHEXP","TOT","USD_CAP","A","2020",211.953,
"IDN","HEALTHEXP","TOT","USD_CAP","A","2011",272.954,
"IDN","HEALTHEXP","TOT","USD_CAP","A","2012",288.111,
"IDN","HEALTHEXP","TOT","USD_CAP","A","2013",290.939,
"IDN","HEALTHEXP","TOT","USD_CAP","A","2014",308.824,
"IDN","HEALTHEXP","TOT","USD_CAP","A","2015",307.152,
"IDN","HEALTHEXP","TOT","USD_CAP","A","2016",324.26,
"IDN","HEALTHEXP","TOT","USD_CAP","A","2017",320.918,
"IDN","HEALTHEXP","TOT","USD_CAP","A","2018",337.647,
"IDN","HEALTHEXP","TOT","USD_CAP","A","2019",356.262,
"IDN","HEALTHEXP","TOT","USD_CAP","A","2020",404.965,
"LVA","HEALTHEXP","TOT","USD_CAP","A","2000",464.081,"E"
"LVA","HEALTHEXP","TOT","USD_CAP","A","2001",552.454,"E"
"LVA","HEALTHEXP","TOT","USD_CAP","A","2002",630.846,"E"
"LVA","HEALTHEXP","TOT","USD_CAP","A","2003",637.609,"E"
"LVA","HEALTHEXP","TOT","USD_CAP","A","2004",796.402,
"LVA","HEALTHEXP","TOT","USD_CAP","A","2005",839.728,
"LVA","HEALTHEXP","TOT","USD_CAP","A","2006",938.784,
"LVA","HEALTHEXP","TOT","USD_CAP","A","2007",1084.816,
"LVA","HEALTHEXP","TOT","USD_CAP","A","2008",1118.347,
"LVA","HEALTHEXP","TOT","USD_CAP","A","2009",1006.829,
"LVA","HEALTHEXP","TOT","USD_CAP","A","2010",1076.166,
"LVA","HEALTHEXP","TOT","USD_CAP","A","2011",1077.551,
"LVA","HEALTHEXP","TOT","USD_CAP","A","2012",1156.188,
"LVA","HEALTHEXP","TOT","USD_CAP","A","2013",1229.696,
"LVA","HEALTHEXP","TOT","USD_CAP","A","2014",1286.482,
"LVA","HEALTHEXP","TOT","USD_CAP","A","2015",1404.655,
"LVA","HEALTHEXP","TOT","USD_CAP","A","2016",1613.805,
"LVA","HEALTHEXP","TOT","USD_CAP","A","2017",1676.419,
"LVA","HEALTHEXP","TOT","USD_CAP","A","2018",1860.969,
"LVA","HEALTHEXP","TOT","USD_CAP","A","2019",2025.57,
"LVA","HEALTHEXP","TOT","USD_CAP","A","2020",2227.896,
"LVA","HEALTHEXP","TOT","USD_CAP","A","2021",3121.643,
"LVA","HEALTHEXP","TOT","USD_CAP","A","2022",3445.296,"E"
"LTU","HEALTHEXP","TOT","USD_CAP","A","2000",574.242,"E"
"LTU","HEALTHEXP","TOT","USD_CAP","A","2001",606.244,"E"
"LTU","HEALTHEXP","TOT","USD_CAP","A","2002",711.864,"E"
"LTU","HEALTHEXP","TOT","USD_CAP","A","2003",816.53,"E"
"LTU","HEALTHEXP","TOT","USD_CAP","A","2004",789.396,"B"
"LTU","HEALTHEXP","TOT","USD_CAP","A","2005",885.721,
"LTU","HEALTHEXP","TOT","USD_CAP","A","2006",1011.018,"B"
"LTU","HEALTHEXP","TOT","USD_CAP","A","2007",1159.055,
"LTU","HEALTHEXP","TOT","USD_CAP","A","2008",1347.21,
"LTU","HEALTHEXP","TOT","USD_CAP","A","2009",1323.174,
"LTU","HEALTHEXP","TOT","USD_CAP","A","2010",1371.705,
"LTU","HEALTHEXP","TOT","USD_CAP","A","2011",1484.747,
"LTU","HEALTHEXP","TOT","USD_CAP","A","2012",1568.003,
"LTU","HEALTHEXP","TOT","USD_CAP","A","2013",1662.584,
"LTU","HEALTHEXP","TOT","USD_CAP","A","2014",1781.682,
"LTU","HEALTHEXP","TOT","USD_CAP","A","2015",1917.088,
"LTU","HEALTHEXP","TOT","USD_CAP","A","2016",2097.796,
"LTU","HEALTHEXP","TOT","USD_CAP","A","2017",2230.97,
"LTU","HEALTHEXP","TOT","USD_CAP","A","2018",2396.809,
"LTU","HEALTHEXP","TOT","USD_CAP","A","2019",2682.067,
"LTU","HEALTHEXP","TOT","USD_CAP","A","2020",2878.482,
"LTU","HEALTHEXP","TOT","USD_CAP","A","2021",3336.477,
"LTU","HEALTHEXP","TOT","USD_CAP","A","2022",3587.327,"P"
"ZAF","HEALTHEXP","TOT","USD_CAP","A","2011",1083.789,
"ZAF","HEALTHEXP","TOT","USD_CAP","A","2012",1105.479,
"ZAF","HEALTHEXP","TOT","USD_CAP","A","2013",1148.4,
"ZAF","HEALTHEXP","TOT","USD_CAP","A","2014",1108.303,
"ZAF","HEALTHEXP","TOT","USD_CAP","A","2015",1151.605,
"ZAF","HEALTHEXP","TOT","USD_CAP","A","2016",1163.482,
"ZAF","HEALTHEXP","TOT","USD_CAP","A","2017",1149.499,
"ZAF","HEALTHEXP","TOT","USD_CAP","A","2018",1192.289,
"ZAF","HEALTHEXP","TOT","USD_CAP","A","2019",1222.202,
"ZAF","HEALTHEXP","TOT","USD_CAP","A","2020",1183.846,
"CRI","HEALTHEXP","TOT","USD_CAP","A","2011",1176.161,
"CRI","HEALTHEXP","TOT","USD_CAP","A","2012",1218.357,
"CRI","HEALTHEXP","TOT","USD_CAP","A","2013",1238.096,
"CRI","HEALTHEXP","TOT","USD_CAP","A","2014",1312.446,
"CRI","HEALTHEXP","TOT","USD_CAP","A","2015",1382.59,
"CRI","HEALTHEXP","TOT","USD_CAP","A","2016",1413.267,
"CRI","HEALTHEXP","TOT","USD_CAP","A","2017",1445.438,
"CRI","HEALTHEXP","TOT","USD_CAP","A","2018",1529.721,"B"
"CRI","HEALTHEXP","TOT","USD_CAP","A","2019",1556.168,
"CRI","HEALTHEXP","TOT","USD_CAP","A","2020",1617.823,
"CRI","HEALTHEXP","TOT","USD_CAP","A","2021",1670.558,
"CRI","HEALTHEXP","TOT","USD_CAP","A","2022",1658.141,"E"
"BGR","HEALTHEXP","TOT","USD_CAP","A","2003",626.09,
"BGR","HEALTHEXP","TOT","USD_CAP","A","2004",655.52,
"BGR","HEALTHEXP","TOT","USD_CAP","A","2005",711.299,
"BGR","HEALTHEXP","TOT","USD_CAP","A","2006",726.172,
"BGR","HEALTHEXP","TOT","USD_CAP","A","2007",781.091,
"BGR","HEALTHEXP","TOT","USD_CAP","A","2008",872.781,
"BGR","HEALTHEXP","TOT","USD_CAP","A","2009",896.859,
"BGR","HEALTHEXP","TOT","USD_CAP","A","2010",1032.738,
"BGR","HEALTHEXP","TOT","USD_CAP","A","2011",1137.566,
"BGR","HEALTHEXP","TOT","USD_CAP","A","2012",1256.272,
"BGR","HEALTHEXP","TOT","USD_CAP","A","2013",1239.463,
"BGR","HEALTHEXP","TOT","USD_CAP","A","2014",1408.178,
"BGR","HEALTHEXP","TOT","USD_CAP","A","2015",1436.623,
"BGR","HEALTHEXP","TOT","USD_CAP","A","2016",1598.353,
"BGR","HEALTHEXP","TOT","USD_CAP","A","2017",1692.697,
"BGR","HEALTHEXP","TOT","USD_CAP","A","2018",1766.905,
"BGR","HEALTHEXP","TOT","USD_CAP","A","2019",1795.621,
"BGR","HEALTHEXP","TOT","USD_CAP","A","2020",2122.982,
"BGR","HEALTHEXP","TOT","USD_CAP","A","2021",2479.297,
"HRV","HEALTHEXP","TOT","USD_CAP","A","2003",897.949,"E"
"HRV","HEALTHEXP","TOT","USD_CAP","A","2004",986.167,"E"
"HRV","HEALTHEXP","TOT","USD_CAP","A","2005",1058.363,"E"
"HRV","HEALTHEXP","TOT","USD_CAP","A","2006",1177.336,"E"
"HRV","HEALTHEXP","TOT","USD_CAP","A","2007",1391.822,"E"
"HRV","HEALTHEXP","TOT","USD_CAP","A","2008",1550.576,"E"
"HRV","HEALTHEXP","TOT","USD_CAP","A","2009",1552.759,"E"
"HRV","HEALTHEXP","TOT","USD_CAP","A","2010",1562.414,"E"
"HRV","HEALTHEXP","TOT","USD_CAP","A","2011",1504.646,"B"
"HRV","HEALTHEXP","TOT","USD_CAP","A","2012",1548.449,
"HRV","HEALTHEXP","TOT","USD_CAP","A","2013",1377.127,"B"
"HRV","HEALTHEXP","TOT","USD_CAP","A","2014",1442.053,
"HRV","HEALTHEXP","TOT","USD_CAP","A","2015",1522.75,
"HRV","HEALTHEXP","TOT","USD_CAP","A","2016",1675.377,
"HRV","HEALTHEXP","TOT","USD_CAP","A","2017",1762.634,
"HRV","HEALTHEXP","TOT","USD_CAP","A","2018",1882.167,
"HRV","HEALTHEXP","TOT","USD_CAP","A","2019",2043.652,
"HRV","HEALTHEXP","TOT","USD_CAP","A","2020",2158.935,
"HRV","HEALTHEXP","TOT","USD_CAP","A","2021",2605.581,
"CYP","HEALTHEXP","TOT","USD_CAP","A","2003",1399.81,
"CYP","HEALTHEXP","TOT","USD_CAP","A","2004",1427.858,
"CYP","HEALTHEXP","TOT","USD_CAP","A","2005",1484.056,
"CYP","HEALTHEXP","TOT","USD_CAP","A","2006",1576.178,
"CYP","HEALTHEXP","TOT","USD_CAP","A","2007",1712.921,
"CYP","HEALTHEXP","TOT","USD_CAP","A","2008",2041.57,
"CYP","HEALTHEXP","TOT","USD_CAP","A","2009",2069.852,
"CYP","HEALTHEXP","TOT","USD_CAP","A","2010",2074.744,"B"
"CYP","HEALTHEXP","TOT","USD_CAP","A","2011",2022.696,
"CYP","HEALTHEXP","TOT","USD_CAP","A","2012",1990.17,
"CYP","HEALTHEXP","TOT","USD_CAP","A","2013",2017.033,
"CYP","HEALTHEXP","TOT","USD_CAP","A","2014",2028.17,
"CYP","HEALTHEXP","TOT","USD_CAP","A","2015",2085.298,"B"
"CYP","HEALTHEXP","TOT","USD_CAP","A","2016",2287.422,
"CYP","HEALTHEXP","TOT","USD_CAP","A","2017",2415.264,
"CYP","HEALTHEXP","TOT","USD_CAP","A","2018",2615.209,
"CYP","HEALTHEXP","TOT","USD_CAP","A","2019",2783.252,
"CYP","HEALTHEXP","TOT","USD_CAP","A","2020",3120.853,
"CYP","HEALTHEXP","TOT","USD_CAP","A","2021",3860.134,"P"
"MLT","HEALTHEXP","TOT","USD_CAP","A","2003",1685.25,"E"
"MLT","HEALTHEXP","TOT","USD_CAP","A","2004",1760.478,"E"
"MLT","HEALTHEXP","TOT","USD_CAP","A","2005",1938.21,"E"
"MLT","HEALTHEXP","TOT","USD_CAP","A","2006",1994.641,"E"
"MLT","HEALTHEXP","TOT","USD_CAP","A","2007",2011.339,"E"
"MLT","HEALTHEXP","TOT","USD_CAP","A","2008",2018.268,"E"
"MLT","HEALTHEXP","TOT","USD_CAP","A","2009",2021.204,"E"
"MLT","HEALTHEXP","TOT","USD_CAP","A","2010",2194.658,"E"
"MLT","HEALTHEXP","TOT","USD_CAP","A","2011",2327.479,"E"
"MLT","HEALTHEXP","TOT","USD_CAP","A","2012",2551.611,"E"
"MLT","HEALTHEXP","TOT","USD_CAP","A","2013",2803.204,"E"
"MLT","HEALTHEXP","TOT","USD_CAP","A","2014",2980.423,"B"
"MLT","HEALTHEXP","TOT","USD_CAP","A","2015",3215.49,
"MLT","HEALTHEXP","TOT","USD_CAP","A","2016",3451.508,
"MLT","HEALTHEXP","TOT","USD_CAP","A","2017",3654.164,
"MLT","HEALTHEXP","TOT","USD_CAP","A","2018",3771.99,
"MLT","HEALTHEXP","TOT","USD_CAP","A","2019",4154.13,
"MLT","HEALTHEXP","TOT","USD_CAP","A","2020",4315.813,
"ROU","HEALTHEXP","TOT","USD_CAP","A","2003",437.584,
"ROU","HEALTHEXP","TOT","USD_CAP","A","2004",527.806,
"ROU","HEALTHEXP","TOT","USD_CAP","A","2005",542.397,
"ROU","HEALTHEXP","TOT","USD_CAP","A","2006",577.934,
"ROU","HEALTHEXP","TOT","USD_CAP","A","2007",684.526,
"ROU","HEALTHEXP","TOT","USD_CAP","A","2008",834.553,
"ROU","HEALTHEXP","TOT","USD_CAP","A","2009",841.676,
"ROU","HEALTHEXP","TOT","USD_CAP","A","2010",979.114,
"ROU","HEALTHEXP","TOT","USD_CAP","A","2011",833.247,"B"
"ROU","HEALTHEXP","TOT","USD_CAP","A","2012",889.511,
"ROU","HEALTHEXP","TOT","USD_CAP","A","2013",1035.048,
"ROU","HEALTHEXP","TOT","USD_CAP","A","2014",1047.796,
"ROU","HEALTHEXP","TOT","USD_CAP","A","2015",1087.328,
"ROU","HEALTHEXP","TOT","USD_CAP","A","2016",1250.961,
"ROU","HEALTHEXP","TOT","USD_CAP","A","2017",1413.858,
"ROU","HEALTHEXP","TOT","USD_CAP","A","2018",1659.316,
"ROU","HEALTHEXP","TOT","USD_CAP","A","2019",1844.269,
"ROU","HEALTHEXP","TOT","USD_CAP","A","2020",2051.588,
"ROU","HEALTHEXP","TOT","USD_CAP","A","2021",2384.52,
"ARG","HEALTHEXP","TOT","USD_CAP","A","2011",1723.466,
"ARG","HEALTHEXP","TOT","USD_CAP","A","2012",1831.066,
"ARG","HEALTHEXP","TOT","USD_CAP","A","2013",1887.926,
"ARG","HEALTHEXP","TOT","USD_CAP","A","2014",1828.845,
"ARG","HEALTHEXP","TOT","USD_CAP","A","2015",1986.572,
"ARG","HEALTHEXP","TOT","USD_CAP","A","2016",1764.138,
"ARG","HEALTHEXP","TOT","USD_CAP","A","2017",2552.047,
"ARG","HEALTHEXP","TOT","USD_CAP","A","2018",2299.808,
"ARG","HEALTHEXP","TOT","USD_CAP","A","2019",2254.047,
"ARG","HEALTHEXP","TOT","USD_CAP","A","2020",2169.661,
"PER","HEALTHEXP","TOT","USD_CAP","A","2011",497.022,
"PER","HEALTHEXP","TOT","USD_CAP","A","2012",545.099,
"PER","HEALTHEXP","TOT","USD_CAP","A","2013",569.905,
"PER","HEALTHEXP","TOT","USD_CAP","A","2014",601.353,
"PER","HEALTHEXP","TOT","USD_CAP","A","2015",604.605,
"PER","HEALTHEXP","TOT","USD_CAP","A","2016",622.679,
"PER","HEALTHEXP","TOT","USD_CAP","A","2017",623.425,
"PER","HEALTHEXP","TOT","USD_CAP","A","2018",686.332,
"PER","HEALTHEXP","TOT","USD_CAP","A","2019",702.355,
"PER","HEALTHEXP","TOT","USD_CAP","A","2020",759.475,
